id,status,added_files,total_changes,deleted_files,modified_files,build_correction_intervals,total_builds,success_builds,failed_builds,ci_latency,ci_result,closure_time,comment_time,reviews_number,first_response_time,total_jobs,success_jobs,failed_jobs,mention_number,review_time,participants_number,source_code_added_lines,source_code_removed_lines,test_code_added_lines,test_code_removed_lines,total_comments,general_comments,review_comments,effective_comments
5451,merged,0,4,0,4,0,1,0,1,87056.342,1,0,0,1,0,4,4,0,0,109577.243,2,16,16,0,0,0,0,0,0
5434,merged,0,1,0,1,0,2,0,2,1214274.896,1,0,0,2,0,8,8,0,0,1231935.276,2,134,59,0,0,0,0,0,0
5421,merged,0,5,0,5,0,1,0,1,6374.08,1,0,0,1,0,4,4,0,0,36373.343,2,16,15,0,0,0,0,0,0
5401,merged,0,3,0,3,0,8,0,8,191589.166,1,0,0,8,0,32,32,0,0,192641.266,1,3,3,0,0,0,0,0,0
5348,merged,0,1,0,1,0,1,0,1,-33.997,1,0,0,1,0,4,4,0,0,11.381,1,58,89,0,0,0,0,0,0
5347,merged,0,7,0,7,0,2,0,2,-38.462,1,0,0,2,0,8,8,0,0,81.784,1,0,61,0,0,0,0,0,0
5346,merged,0,1,0,1,0,1,0,1,-46.37,1,0,0,1,0,4,4,0,0,10.273,1,0,0,0,0,0,0,0,0
5344,merged,0,7,0,7,0,1,0,1,-36.38,1,0,0,2,0,4,4,0,0,9.503,1,61,35,0,0,0,0,0,0
5343,merged,0,1,0,1,0,1,0,1,-29.474,1,0,0,1,0,4,4,0,0,10.884,1,1,1,0,0,0,0,0,0
5342,merged,0,1,0,1,0,1,0,1,-42.893,1,0,0,1,0,4,4,0,0,12.003,1,3,1,0,0,0,0,0,0
5338,merged,0,1,0,1,0,1,0,1,-81.193,1,0,0,1,0,4,4,0,0,10.743,1,0,1,0,0,0,0,0,0
5336,merged,1,9,1,7,0,2,0,2,-143.292,1,0,0,4,0,8,8,0,0,21.27,1,1163,1184,0,0,0,0,0,0
5333,merged,0,24,0,24,0,3,0,3,-57.301,1,0,0,8,0,12,10,1,0,63.676,1,973,1302,0,0,0,0,0,0
5332,merged,0,21,0,21,0,2,0,2,-78281.179,1,0,0,4,0,8,8,0,0,8.369,1,967,1283,0,0,0,0,0,0
5330,merged,0,3,0,3,0,1,0,1,-51.346,1,0,0,1,0,4,4,0,0,14.646,1,25,2,0,0,0,0,0,0
5325,merged,17,36,13,6,0,2,0,2,1935964.54,1,0,0,9,0,8,8,0,0,2011130.746,2,1355,4449,0,0,0,0,0,0
5324,merged,0,1,0,1,0,1,0,1,-35.136,1,0,0,1,0,4,4,0,0,11.408,1,0,2,0,0,0,0,0,0
5318,merged,0,1,0,1,0,1,0,1,-706.436,1,0,0,1,0,4,4,0,0,75.19,1,1,3,0,0,0,0,0,0
5308,merged,0,3,0,3,0,16,0,16,4934817.436,1,0,4841401.538,19,4322723.612,64,61,2,0,5038704.114,2,39,19,0,0,2,2,0,0
5306,merged,0,1,0,1,0,1,0,1,-91.236,1,0,0,1,0,4,4,0,0,11.447,1,0,0,0,0,0,0,0,0
5305,merged,0,1,0,1,0,1,0,1,-68.964,1,0,0,1,0,4,4,0,0,52.558,1,0,0,0,0,0,0,0,0
5304,merged,29,171,6,136,0,20,0,20,-67.68,1,0,0,82,0,80,61,7,0,26.984,1,6275,4449,0,0,0,0,0,0
5290,merged,0,1,0,1,0,1,0,1,6397.786,1,0,0,1,0,4,4,0,0,548668.771,2,6,6,0,0,0,0,0,0
5242,merged,0,1,0,1,0,6,0,6,4149311.7,1,0,3549348.768,9,3052906.187,24,24,0,0,4782829.069,2,44,9,0,0,2,2,0,0
5232,merged,0,2,0,2,0,3,0,3,4507582.446,1,0,3915630.492,7,3369467.373,12,12,0,0,4579142.276,2,69,12,0,0,2,2,0,0
5227,merged,0,1,0,1,0,1,0,1,517872.927,1,0,0,1,0,4,4,0,0,4087683.794,2,17,8,0,0,0,0,0,0
5221,merged,0,4,0,4,0,7,0,7,440257.256,1,0,0,11,0,28,28,0,0,440330.52,2,206,80,0,0,0,0,0,0
5215,merged,1,3,0,2,0,6,0,6,194917.35,1,0,0,8,0,24,24,0,0,195196.556,2,380,9,0,0,0,0,0,0
5213,merged,0,3,0,3,0,2,0,2,941795.573,1,0,0,2,0,8,8,0,0,941947.015,2,29,29,0,0,0,0,0,0
5212,merged,1,2,0,1,0,5,0,5,273551.7,1,0,0,7,0,20,20,0,0,273598.893,2,343,2,0,0,0,0,0,0
5211,merged,1,2,0,1,0,3,0,3,15080.464,1,0,0,5,0,12,12,0,0,16668.689,2,318,0,0,0,0,0,0,0
5210,merged,0,20,0,20,0,3,0,3,94802.795,1,0,0,5,0,12,12,0,0,95643.442,1,189,161,0,0,0,0,0,0
5208,merged,0,1,0,1,0,5,0,5,4822754.974,1,0,0,8,0,20,18,1,0,4827278.857,2,1,2,0,0,0,0,0,0
5206,merged,0,2,0,2,0,6,0,6,93912.331,1,0,0,8,0,24,22,1,0,162462.17,2,13,2,0,0,0,0,0,0
5205,merged,7,100,56,37,0,2,0,2,96691.882,1,0,0,3,0,8,8,0,0,97250.694,1,848,3230,0,0,0,0,0,0
5204,merged,1,36,14,21,0,10,0,10,928020.566,1,0,0,12,0,40,40,0,0,928613.895,1,2065,1770,0,0,0,0,0,0
5203,merged,0,4,0,4,0,4,0,4,102938.316,1,0,0,5,0,16,16,0,0,103009.302,2,18,14,0,0,0,0,0,0
5202,merged,0,1,0,1,0,1,0,1,3508.798,1,0,0,1,0,4,4,0,0,19338.114,1,1,1,0,0,0,0,0,0
5201,merged,1,16,0,15,0,5,0,5,362670.287,1,0,0,6,0,20,20,0,0,362973.37,1,1093,465,0,0,0,0,0,0
5199,merged,1,3,0,2,0,2,0,2,22145.652,1,0,0,3,0,8,8,0,0,22184.96,2,305,8,0,0,0,0,0,0
5198,merged,1,3,0,2,0,3,0,3,86605.529,1,0,0,4,0,12,12,0,0,86656.346,2,307,11,0,0,0,0,0,0
5196,merged,1,2,0,1,0,7,0,7,106666.213,1,0,0,10,0,28,28,0,0,106742.446,2,296,5,0,0,0,0,0,0
5194,merged,1,2,0,1,0,11,0,11,103036.81,1,0,0,14,0,44,44,0,0,103700.945,2,293,1,0,0,0,0,0,0
5192,merged,1,3,0,2,0,13,0,13,535378.434,1,0,0,16,0,52,52,0,0,535577.739,2,295,6,0,0,0,0,0,0
5189,merged,1,4,0,3,515975.483,10,1,9,1128117.221,1,0,0,15,0,40,40,0,0,1128154.039,2,329,7,0,0,0,0,0,0
5180,merged,1,5,0,4,0,9,0,9,1743401.996,1,0,0,16,0,36,36,0,0,1744288.0,2,427,14,0,0,0,0,0,0
5177,closed,0,1,0,1,0,1,0,1,-44.105,1,141.873,0,1,0,4,4,0,0,0,1,0,0,0,0,0,0,0,0
5174,merged,105,201,22,74,0,9,0,9,2871305.257,1,0,0,113,0,36,36,0,0,2871367.946,2,9384,3216,65,0,0,0,0,0
5171,merged,0,12,0,12,0,9,0,9,2340220.987,1,0,0,38,0,36,33,1,0,2340413.072,2,346,148,0,0,0,0,0,0
5159,merged,2,5,0,3,0,11,0,11,1403512.907,1,0,0,17,0,44,44,0,0,1404502.926,2,733,422,0,0,0,0,0,0
5151,closed,8,17,0,9,0,1,0,1,285.465,1,429790.802,0,13,0,4,4,0,0,0,0,1035,15,0,0,0,0,0,0
5115,merged,0,2,0,2,0,2,0,2,775706.021,1,0,0,2,0,8,8,0,0,775976.731,1,13,4,0,0,0,0,0,0
5114,merged,0,1,0,1,0,3,0,3,5770.384,1,0,0,3,0,12,12,0,0,5956.603,1,25,0,0,0,0,0,0,0
5113,merged,0,12,0,12,0,1,0,1,250949.748,1,0,0,1,0,4,4,0,0,1108120.952,1,632,398,0,0,0,0,0,0
5112,merged,0,3,0,3,0,1,0,1,3752.188,1,0,0,1,0,4,4,0,0,5545.123,1,30,3,0,0,0,0,0,0
5106,merged,0,2,0,2,0,4,0,4,443970.835,1,0,0,5,0,16,16,0,0,444199.65,1,34,6,0,0,0,0,0,0
5102,closed,3,18,0,15,0,2,0,2,1912196.47,1,4349832.393,0,3,0,8,8,0,0,0,0,428,140,0,0,0,0,0,0
5098,merged,0,13,1,12,0,1,0,1,264817.335,1,0,0,3,0,4,4,0,0,330053.422,2,282,121,0,0,0,0,0,0
5094,merged,0,111,6,105,0,4,0,4,3976.339,1,0,0,4,0,16,10,3,0,4588.618,1,0,0,0,0,0,0,0,0
5090,merged,38,48,3,7,0,6,0,6,2612332.208,1,0,0,9,0,24,24,0,0,2612677.797,1,302,85,0,0,0,0,0,0
5082,merged,0,1,0,1,0,2,0,2,607875.438,1,0,0,3,0,8,8,0,0,608661.307,1,74,33,0,0,0,0,0,0
5075,merged,17,24,0,7,0,4,0,4,776972.148,1,0,198287.36,26,198287.36,16,16,0,0,889808.957,1,1196,12,0,0,1,1,0,0
5074,merged,17,24,0,7,0,5,0,5,779714.986,1,0,179863.982,32,17437.957,20,20,0,0,891924.863,1,1224,12,0,0,2,2,0,0
5072,merged,17,26,0,9,0,9,0,9,1400271.48,1,0,0,18,0,36,34,1,0,1401055.531,1,823,17,0,0,0,0,0,0
5071,closed,92,173,15,66,0,13,0,13,5960536.708,1,5966091.819,0,104,0,52,43,3,0,0,3,8755,2838,0,0,0,0,0,0
5052,merged,0,8,0,8,0,3,0,3,608867.621,1,0,0,4,0,12,12,0,0,608938.237,1,53,61,0,0,0,0,0,0
5051,merged,37,128,18,73,0,20,0,20,-510.941,1,0,0,84,0,82,50,12,0,34.586,1,8604,4534,0,0,0,0,0,0
5037,closed,56,115,10,49,0,12,0,12,6336688.624,1,6771780.265,0,84,0,48,45,1,0,0,2,4745,2522,0,0,0,0,0,0
5007,merged,13,21,1,7,0,6,0,6,800568.165,1,0,0,10,0,24,21,1,0,802411.583,1,457,17,0,0,0,0,0,0
4993,closed,27,81,8,46,0,20,0,20,7415352.297,1,8207932.603,0,62,0,84,74,6,0,0,3,2825,2387,0,0,0,0,0,0
4987,merged,3,6,0,3,0,7,0,7,2422776.913,1,0,0,11,0,28,22,2,0,2512823.507,1,1373,3,0,0,0,0,0,0
4983,merged,0,17,12,5,0,20,0,17,-196.331,1,0,0,23,0,131,86,5,0,528.945,1,0,0,0,0,0,0,0,0
4982,merged,39,110,3,68,0,17,0,17,-2588545.945,1,0,0,145,0,51,37,7,0,215.348,1,5640,891,0,0,0,0,0,0
4977,merged,10,21,0,11,0,14,0,14,605921.049,1,0,0,15,0,47,14,15,0,606991.384,2,775,41,0,0,0,0,0,0
4968,merged,0,23,0,23,0,2,0,2,427686.922,1,0,0,8,0,6,2,2,0,920043.902,1,1097,282,0,0,0,0,0,0
4965,merged,8,31,0,23,0,2,0,2,1212289.557,1,0,0,9,0,6,2,2,0,2417335.217,1,1428,19,0,0,0,0,0,0
4959,merged,12,15,2,1,0,3,0,3,352391.596,1,0,0,4,0,9,3,3,0,353432.473,2,828,0,0,0,0,0,0,0
4957,merged,4,31,9,18,0,8,0,8,3815586.0,1,0,0,13,0,24,8,8,0,4296290.367,1,3465,2472,0,0,0,0,0,0
4956,merged,3,5,0,2,0,2,0,2,178161.939,1,0,0,2,0,6,2,2,0,178342.345,1,353,1,0,0,0,0,0,0
4955,merged,0,5,0,5,0,2,0,2,1280424.365,1,0,0,2,0,6,2,2,0,1298076.114,1,55,18,0,0,0,0,0,0
4949,merged,1,4,0,3,0,6,0,6,677771.9,1,0,0,7,0,18,6,6,0,678158.13,1,131,32,0,0,0,0,0,0
4933,merged,0,2,0,2,0,1,0,1,4529.589,1,0,0,1,0,3,3,0,0,1041021.854,1,26,21,0,0,0,0,0,0
4932,merged,5,21,0,16,0,15,0,15,3784584.972,1,0,0,32,0,45,29,8,0,3784648.633,3,1303,277,0,0,0,0,0,0
4929,merged,1,15,0,14,0,5,0,5,1051041.072,1,0,600105.561,6,677.485,15,15,0,0,1051092.655,1,459,29,0,0,2,2,0,0
4927,merged,0,3,1,2,0,2,0,2,-16.985,1,0,0,2,0,6,6,0,0,90.044,1,2,91,0,0,0,0,0,0
4915,merged,3,21,0,18,0,6,0,6,8572442.878,1,0,6591495.222,6,6591495.222,18,8,5,0,8902315.277,1,635,15,0,0,1,1,0,0
4907,merged,1,13,0,12,0,4,1,3,603046.235,1,0,179927.522,9,179927.522,12,12,0,1,603107.267,1,721,4,0,0,1,1,0,0
4906,merged,10,30,0,20,1206019.616,13,3,9,449400.622,1,0,12236.46,19,12236.46,39,34,1,1,604560.609,3,982,440,0,0,1,1,0,0
4905,merged,6,31,0,25,0,20,0,20,3122874.313,1,0,0,34,0,60,60,0,0,3212304.394,2,2431,154,0,0,0,0,0,0
4904,merged,107,173,0,66,0,20,0,18,442266.987,1,0,0,191,0,60,54,0,0,453830.592,2,15933,1326,0,0,0,0,0,0
4887,closed,0,17,0,17,0,9,0,9,600977.995,1,608082.013,0,9,0,27,27,0,0,0,1,1575,541,0,0,0,0,0,0
4878,merged,0,509,508,1,0,1,0,1,-122.054,1,0,0,1,0,3,3,0,0,37.204,1,0,1500,0,3528,0,0,0,0
4877,merged,49,1000,153,798,0,1,0,1,-359.504,1,0,0,1,0,3,1,1,0,18.913,1,0,0,14,10,0,0,0,0
4875,merged,2,5,0,3,0,2,0,2,82748.545,1,0,0,2,0,6,6,0,0,83478.107,1,180,1,0,0,0,0,0,0
4839,merged,1,2,0,1,0,1,0,1,13957.272,1,0,0,1,0,3,3,0,0,14192.232,1,124,0,0,0,0,0,0,0
4834,merged,0,1,0,1,0,3,0,3,3206.167,1,0,0,3,0,9,9,0,0,3585.147,1,12,11,0,0,0,0,0,0
4825,merged,0,13,0,13,0,3,0,3,19355.456,1,0,0,3,0,9,9,0,0,344249.664,1,104,95,0,0,0,0,0,0
4822,merged,0,5,0,5,0,2,0,2,23489.67,1,0,0,3,0,6,6,0,0,23651.988,1,59,33,0,0,0,0,0,0
4819,merged,0,8,0,8,0,7,0,7,1650584.136,1,0,0,4,0,21,21,0,0,1811975.527,1,274,121,0,0,0,0,0,0
4818,merged,3,21,0,18,0,9,1,8,2789951.707,1,0,0,32,0,27,24,1,0,3286778.718,1,1103,321,0,0,0,0,0,0
4816,merged,0,3,0,3,0,2,0,2,164544.996,1,0,0,3,0,6,6,0,0,164606.668,1,57,28,0,0,0,0,0,0
4815,merged,0,7,0,7,189771.041,7,4,3,627926.563,1,0,0,13,0,21,21,0,0,628465.754,1,465,175,0,0,0,0,0,0
4814,merged,0,8,0,8,0,3,1,2,422548.336,1,0,0,4,0,9,9,0,0,422580.295,1,169,42,0,0,0,0,0,0
4813,merged,0,2,0,2,0,1,1,0,1636.833,0,0,0,1,0,3,3,0,0,1948.135,1,16,14,0,0,0,0,0,0
4812,merged,2,34,0,32,0,7,0,7,-156.756,1,0,0,13,0,21,21,0,0,6.853,1,976,83,0,0,0,0,0,0
4811,merged,0,23,0,23,0,4,2,2,-597.354,1,0,0,5,0,12,12,0,0,60.921,1,553,400,0,0,0,0,0,0
4810,merged,0,8,0,8,0,1,1,0,-30.368,0,0,0,1,0,3,3,0,0,5.769,1,9,9,0,0,0,0,0,0
4809,merged,0,1,0,1,0,1,1,0,-30.596,0,0,0,1,0,3,3,0,0,6.652,1,0,19,0,0,0,0,0,0
4808,merged,19,101,29,53,0,20,0,20,-471.034,1,0,0,228,0,60,60,0,0,10.651,1,3829,2346,0,0,0,0,0,0
4807,closed,0,20,0,20,0,3,0,3,107616.339,1,524228.414,0,15,0,9,9,0,0,0,2,679,299,0,0,0,0,0,0
4801,merged,3,36,22,11,0,20,6,14,70.624,1,0,0,32,0,60,56,2,0,234.714,1,483,65,0,0,0,0,0,0
4800,merged,17,29,1,11,0,10,0,10,506282.57,1,0,0,65,0,30,30,0,0,516352.939,2,1076,250,0,0,0,0,0,0
4795,merged,0,13,0,13,0,3,0,3,198755.14,1,0,0,22,0,9,9,0,0,257211.763,1,924,833,0,0,0,0,0,0
4792,merged,0,1,0,1,0,1,0,1,-22.621,1,0,0,1,0,3,3,0,0,55.304,1,1,1,0,0,0,0,0,0
4790,merged,0,5,0,5,0,3,0,3,613934.802,1,0,0,9,0,9,9,0,0,613966.277,1,100,25,0,0,0,0,0,0
4789,merged,1,16,0,15,0,11,0,11,493451.644,1,0,0,25,0,33,33,0,0,493930.079,1,369,185,0,0,0,0,0,0
4784,merged,0,2,0,2,0,1,0,1,16556.32,1,0,0,2,0,3,3,0,0,16725.823,1,40,7,0,0,0,0,0,0
4774,merged,1,1,0,0,0,1,1,0,-97.772,0,0,0,2,0,3,3,0,0,22.585,1,0,0,0,0,0,0,0,0
4773,merged,29,122,6,87,0,20,0,20,-995.472,1,0,0,262,0,60,60,0,0,101.059,1,4165,2221,0,0,0,0,0,0
4772,merged,0,2,1,1,0,6,4,2,517492.862,1,0,0,6,0,18,18,0,0,518543.896,1,52,207,0,0,0,0,0,0
4771,closed,0,1,0,1,0,1,0,1,-411.768,1,247.014,0,1,0,3,3,0,0,0,1,2,2,0,0,0,0,0,0
4770,merged,0,3,0,3,0,1,0,1,1512.632,1,0,0,1,0,3,3,0,0,1874.109,1,6,6,0,0,0,0,0,0
4769,merged,0,6,0,6,0,2,0,2,3175.5,1,0,0,2,0,6,6,0,0,3445.101,1,41,8,0,0,0,0,0,0
4768,merged,0,3,0,3,0,2,0,2,1392.601,1,0,0,2,0,6,6,0,0,1715.799,1,5,5,0,0,0,0,0,0
4767,merged,0,1,0,1,0,1,0,1,5109.48,1,0,0,1,0,3,3,0,0,5497.533,1,46,23,0,0,0,0,0,0
4766,merged,0,1,0,1,0,1,0,1,2023.183,1,0,0,1,0,3,3,0,0,2302.245,1,6,1,0,0,0,0,0,0
4764,closed,1,5,0,4,62429.137,6,1,5,161391.166,1,161552.797,0,15,0,18,18,0,0,0,1,856,577,0,0,0,0,0,0
4763,merged,0,1,0,1,0,1,0,1,-523.602,1,0,0,1,0,3,3,0,0,12.532,1,7,7,0,0,0,0,0,0
4761,merged,0,1,0,1,0,1,0,1,615.036,1,0,0,1,0,3,3,0,0,880.904,1,1,1,0,0,0,0,0,0
4760,merged,0,2,0,2,0,2,0,2,466.408,1,0,0,2,0,6,6,0,0,974.863,1,2,2,0,0,0,0,0,0
4759,merged,0,2,0,2,0,1,0,1,1373.771,1,0,0,1,0,3,3,0,0,2026.452,1,0,14,0,0,0,0,0,0
4755,merged,0,1,0,1,0,2,0,2,3423.059,1,0,0,2,0,6,6,0,0,3562.387,1,5,4,0,0,0,0,0,0
4754,merged,0,3,0,3,0,2,0,2,2410.557,1,0,0,2,0,6,6,0,0,2553.609,1,44,1,0,0,0,0,0,0
4753,merged,0,1,0,1,0,2,0,2,3580.148,1,0,0,3,0,6,6,0,0,3779.265,1,2,2,0,0,0,0,0,0
4752,merged,0,1,0,1,0,2,0,2,1739.265,1,0,0,2,0,6,6,0,0,1907.986,1,4,10,0,0,0,0,0,0
4751,merged,0,3,0,3,0,2,0,2,2288.029,1,0,0,2,0,6,6,0,0,5343.92,1,42,4,0,0,0,0,0,0
4750,merged,0,10,0,10,0,4,0,4,7821.295,1,0,0,4,0,12,12,0,0,9316.506,1,19,20,0,0,0,0,0,0
4749,merged,0,3,0,3,0,1,0,1,816.222,1,0,0,1,0,3,3,0,0,3307.331,1,4,7,0,0,0,0,0,0
4747,merged,0,4,0,4,0,1,0,1,9350.149,1,0,0,1,0,3,3,0,0,12164.618,1,21,0,0,0,0,0,0,0
4745,merged,0,1,0,1,0,1,0,1,1419.241,1,0,0,1,0,3,3,0,0,1574.012,1,15,7,0,0,0,0,0,0
4743,merged,0,1,0,1,0,1,0,1,853.203,1,0,0,1,0,3,3,0,0,1075.605,1,10,1,0,0,0,0,0,0
4742,merged,0,6,0,6,0,2,0,2,13544.409,1,0,0,8,0,6,6,0,0,13807.219,1,87,67,0,0,0,0,0,0
4741,merged,0,1,0,1,0,1,0,1,2328.638,1,0,0,1,0,3,3,0,0,3560.633,1,1,1,0,0,0,0,0,0
4740,merged,9,11,0,2,0,1,0,1,781.657,1,0,0,21,0,3,3,0,0,1091.105,1,391,86,0,0,0,0,0,0
4738,merged,0,7,0,7,0,1,0,1,15866.104,1,0,0,2,0,3,3,0,0,16082.983,1,29,5,0,0,0,0,0,0
4734,merged,0,2,0,2,0,1,0,1,-51.164,1,0,0,1,0,3,3,0,0,772.958,1,8,2,0,0,0,0,0,0
4733,merged,0,4,0,4,0,1,0,1,4871.963,1,0,0,1,0,3,3,0,0,6272.912,1,79,49,0,0,0,0,0,0
4732,merged,0,2,0,2,0,1,0,1,222.675,1,0,0,1,0,3,3,0,0,1111.255,1,2,3,0,0,0,0,0,0
4730,merged,0,3,0,3,0,2,0,2,330.527,1,0,0,2,0,6,6,0,0,3146.501,1,9,4,0,0,0,0,0,0
4719,closed,0,17,2,15,0,3,0,3,2920.037,1,6044434.494,0,4,0,9,9,0,0,0,1,66,197,0,0,0,0,0,0
4707,merged,0,3,0,3,0,1,0,1,-224.393,1,0,0,1,0,3,3,0,0,50.347,1,12,3,0,0,0,0,0,0
4706,merged,0,3,0,3,0,5,0,5,608958.719,1,0,0,8,0,15,15,0,0,611936.45,1,36,29,0,0,0,0,0,0
4705,merged,0,13,0,13,0,8,0,8,610268.702,1,0,0,15,0,24,24,0,0,612743.262,1,475,431,0,0,0,0,0,0
4700,merged,1,23,0,22,0,9,0,9,602335.398,1,0,0,11,0,27,27,0,0,620921.046,1,622,532,0,0,0,0,0,0
4699,closed,0,6,1,5,0,7,0,7,1209029.31,1,14861794.409,0,8,0,21,21,0,0,0,2,93,63,0,0,0,0,0,0
4696,merged,1,14,0,13,0,2,0,2,521788.665,1,0,0,2,0,6,6,0,0,522404.459,1,509,584,0,0,0,0,0,0
4692,merged,0,7,0,7,0,3,0,3,191282.464,1,0,0,4,0,9,9,0,0,458002.792,2,144,102,0,0,0,0,0,0
4689,merged,2,9,0,7,0,2,0,2,1535.52,1,0,0,2,0,6,6,0,0,1577.254,1,134,55,0,0,0,0,0,0
4688,merged,0,3,0,3,0,5,5,0,-113.412,0,0,0,6,0,15,15,0,0,868.395,1,70,23,0,0,0,0,0,0
4686,merged,2,5,0,3,0,5,2,3,1212627.248,1,0,0,5,0,15,15,0,0,1213304.318,1,41,30,0,0,0,0,0,0
4678,merged,0,14,1,13,347.753,3,2,1,15280.262,1,0,0,6,0,9,9,0,0,18549.423,1,502,623,0,0,0,0,0,0
4675,merged,1,19,1,17,0,2,0,2,605062.975,1,0,0,2,0,6,6,0,0,615519.744,1,279,228,0,0,0,0,0,0
4673,merged,1,3,0,2,0,3,3,0,84773.514,0,0,0,6,0,9,9,0,0,85845.38,1,99,4,0,0,0,0,0,0
4672,merged,0,6,0,6,0,1,1,0,7160.406,0,0,0,1,0,3,3,0,0,82788.345,1,18,1,0,0,0,0,0,0
4659,merged,8,51,1,42,434254.415,8,2,6,512715.65,1,0,0,12,0,24,24,0,0,513569.012,1,1094,656,0,0,0,0,0,0
4657,merged,4,6,0,2,249881.716,7,5,2,437210.663,1,0,0,8,0,21,21,0,0,437406.304,2,363,23,0,0,0,0,0,0
4656,merged,5,27,0,22,520144.495,7,4,3,-4239.769,1,0,0,80,0,21,21,0,0,1675.359,1,748,221,0,0,0,0,0,0
4650,merged,0,8,0,8,94581.902,12,7,5,616795.207,1,0,519806.402,17,519806.402,36,36,0,0,617069.373,2,385,240,0,0,1,0,1,0
4642,merged,1,2,0,1,0,5,3,2,520395.077,1,0,0,10,0,15,15,0,0,520637.167,1,170,1,0,0,0,0,0,0
4638,closed,0,8,0,8,79616.02,9,6,3,90517.726,1,618031.082,87881.658,20,87881.658,27,27,0,0,0,2,164,63,0,0,1,0,1,1
4628,merged,0,15,0,15,0,1,1,0,-78023.003,0,0,0,44,0,3,3,0,0,13.48,1,245,152,0,0,0,0,0,0
4624,merged,0,2,0,2,0,1,0,1,-35.012,1,0,0,1,0,3,3,0,0,8.377,1,11,10,0,0,0,0,0,0
4623,merged,0,1,0,1,0,1,1,0,-27.362,0,0,0,1,0,3,3,0,0,6.762,1,1,1,0,0,0,0,0,0
4622,merged,1,24,2,21,0,3,3,0,-231.72,0,0,0,70,0,9,9,0,0,11.265,1,1935,1015,0,0,0,0,0,0
4619,merged,0,15,0,15,521.066,8,6,2,99256.931,1,0,0,43,0,24,24,0,0,99636.25,1,245,152,0,0,0,0,0,0
4615,merged,5,72,8,59,89934.136,15,8,7,-514767.773,1,0,0,82,0,45,44,1,0,8.617,1,1012,3121,0,0,0,0,0,0
4609,closed,0,2,0,2,2791.777,2,1,1,2647.323,1,1291567.492,0,2,0,6,6,0,0,0,1,46,22,0,0,0,0,0,0
4604,merged,0,3,0,3,530173.339,7,3,4,1056926.133,1,0,0,30,0,25,18,5,0,1057047.634,1,39,25,0,0,0,0,0,0
4597,merged,0,16,0,16,1447.662,20,16,4,2418783.206,1,0,0,60,0,60,60,0,0,2420657.846,2,247,187,0,0,0,0,0,0
4585,closed,0,1,0,1,0,7,7,0,526707.281,0,529468.285,0,7,0,21,21,0,0,0,0,5,9,0,0,0,0,0,0
4574,merged,0,13,0,13,0,5,5,0,2409608.081,0,0,0,7,0,15,15,0,0,2497332.641,2,89,45,0,0,0,0,0,0
4573,merged,0,28,0,28,517896.049,13,3,10,601676.326,1,0,0,13,0,39,39,0,0,687492.749,1,309,191,0,0,0,0,0,0
4572,merged,1,22,2,19,170984.921,20,8,12,1302904.771,1,0,0,46,0,60,60,0,0,1734812.987,1,1895,989,0,0,0,0,0,0
4570,merged,0,1,0,1,0,1,0,1,1375.447,1,0,0,1,0,3,3,0,0,3296.796,1,1,0,0,0,0,0,0,0
4561,merged,0,1,0,1,0,1,0,1,663.481,1,0,0,1,0,3,3,0,0,834.611,1,5,3,0,0,0,0,0,0
4560,merged,0,1,0,1,0,1,0,1,180.905,1,0,0,1,0,3,3,0,0,351.973,1,5,4,0,0,0,0,0,0
4558,merged,0,3,0,3,0,5,0,5,1546.695,1,0,0,5,0,15,9,2,0,2396.075,1,19,29,0,0,0,0,0,0
4557,merged,0,3,0,3,0,2,2,0,255.922,0,0,0,2,0,6,6,0,0,3240.276,1,6,2,0,0,0,0,0,0
4553,merged,7,8,0,1,0,5,4,1,521077.117,1,0,0,5,0,15,15,0,0,522431.419,1,879,0,0,0,0,0,0,0
4547,merged,0,48,10,38,1298.0439999999999,20,13,7,504136.847,1,0,0,28,0,62,54,4,0,504841.575,1,489,3561,0,0,0,0,0,0
4545,closed,1,8,0,7,0,3,0,3,115.077,1,2856.653,0,3,0,9,9,0,0,0,0,510,122,0,0,0,0,0,0
4543,closed,820,820,0,0,0,2,0,2,615.623,1,807.917,0,30,0,6,6,0,0,0,0,1023,0,71,0,0,0,0,0
4542,closed,191,193,0,2,7502.963,2,1,1,230.679,1,1233.419,0,35,0,6,3,1,0,0,0,22,0,0,0,0,0,0,0
4541,closed,190,193,0,3,0,1,0,1,-6805.432,1,452.922,0,34,0,3,0,1,0,0,0,22,0,0,0,0,0,0,0
4540,merged,0,1,0,1,0,1,1,0,-707.72,0,0,0,1,0,3,3,0,0,82142.162,1,10,2,0,0,0,0,0,0
4539,closed,820,820,0,0,0,20,0,20,-85753.09,1,99.807,0,29,0,61,15,16,0,0,0,1023,0,71,0,0,0,0,0
4538,closed,190,199,0,9,0,1,0,1,-4955.376,1,1827.213,0,33,0,3,0,1,0,0,0,49,24,0,0,0,0,0,0
4537,closed,190,192,1,1,0,1,0,1,-4426.044,1,500.331,0,32,0,3,0,1,0,0,0,22,0,0,0,0,0,0,0
4536,closed,400,494,80,14,0,1,0,1,583.762,1,4984.254,0,1,0,3,0,1,0,0,0,249,6000,0,0,0,0,0,0
4530,closed,226,230,0,4,0,3,3,0,593195.508,0,593634.395,0,9,0,9,9,0,0,0,0,5,2,0,0,0,0,0,0
4526,closed,819,820,0,1,1047.907,4,2,2,76833.648,1,77903.151,0,4,0,12,12,0,0,0,0,1023,0,71,0,0,0,0,0
4525,closed,820,820,0,0,0,20,0,20,-299.356,1,2907.223,0,29,0,61,15,16,0,0,0,1023,0,71,0,0,0,0,0
4520,closed,297,338,23,18,0,12,0,12,1035464.201,1,1035795.57,0,17,0,39,34,3,0,0,0,71,79,0,0,0,0,0,0
4518,merged,0,2,0,2,0,1,1,0,517946.012,0,0,0,1,0,3,3,0,0,1039456.707,1,17,17,0,0,0,0,0,0
4517,closed,16,19,0,3,0,4,0,4,1031151.641,1,1034701.966,600767.721,4,600767.721,12,12,0,1,0,1,20,24,0,0,1,1,0,0
4508,merged,0,7,0,7,305.359,3,2,1,1206765.329,1,0,0,3,0,9,9,0,0,1209295.791,1,38,70,0,0,0,0,0,0
4505,merged,0,2,0,2,0,2,2,0,5727.344,0,0,0,2,0,6,6,0,0,691335.196,1,2,16,0,0,0,0,0,0
4504,merged,0,1,0,1,0,1,1,0,652.426,0,0,0,1,0,3,3,0,0,693705.016,1,2,4,0,0,0,0,0,0
4500,merged,0,4,0,4,0,2,1,1,1220691.291,1,0,0,3,0,6,6,0,0,1294748.782,1,14,6,0,0,0,0,0,0
4499,merged,0,2,0,2,0,2,2,0,598.1,0,0,0,2,0,6,6,0,0,682.122,1,1,2,0,0,0,0,0,0
4498,merged,0,3,0,3,0,1,1,0,-31.459,0,0,0,1,0,3,3,0,0,7.805,1,22,3,0,0,0,0,0,0
4497,merged,8,21,2,11,0,2,1,1,-396.314,1,0,0,3,0,6,6,0,0,27.695,1,2528,110,0,0,0,0,0,0
4493,merged,2,5,2,1,0,1,1,0,1352.663,0,0,0,1,0,3,3,0,0,81513.413,1,2,2,0,0,0,0,0,0
4491,merged,0,1,0,1,0,1,1,0,-19.662,0,0,0,1,0,3,3,0,0,5.706,1,0,0,0,0,0,0,0,0
4490,merged,0,1,0,1,0,1,1,0,-32.712,0,0,0,1,0,3,3,0,0,6.399,1,0,0,0,0,0,0,0,0
4489,merged,0,1,0,1,0,1,1,0,-48.011,0,0,0,1,0,3,3,0,0,6.331,1,0,0,0,0,0,0,0,0
4487,merged,0,1,0,1,0,1,1,0,-46.555,0,0,0,1,0,3,3,0,0,9.341,1,0,0,0,0,0,0,0,0
4485,merged,0,3,0,3,0,2,2,0,69.669,0,0,0,2,0,6,6,0,0,87.031,1,0,0,0,0,0,0,0,0
4483,merged,0,7,0,7,0,2,1,1,52.269,1,0,0,2,0,6,4,1,0,66.346,1,6,5,0,0,0,0,0,0
4482,merged,0,1,0,1,0,1,1,0,-54.948,0,0,0,1,0,3,3,0,0,7.81,1,0,0,0,0,0,0,0,0
4481,merged,46,201,5,150,0,20,0,20,-64.904,1,0,0,81,0,60,56,2,0,59.363,1,2120,2134,0,0,0,0,0,0
4477,merged,0,2,0,2,0,2,0,2,87291.486,1,0,0,2,0,6,6,0,0,87536.423,1,9,25,0,0,0,0,0,0
4475,closed,1,3,0,2,0,3,0,3,7035.564,1,2608859.621,0,3,0,9,9,0,0,0,1,225,1,0,0,0,0,0,0
4473,closed,0,2,0,2,0,3,0,3,84932.191,1,1906688.539,0,3,0,9,5,2,0,0,0,8,3,0,0,0,0,0,0
4472,closed,820,820,0,0,0,20,0,20,1478285.768,1,1478417.888,0,29,0,61,15,16,0,0,2,1023,0,71,0,0,0,0,0
4468,merged,0,1,0,1,0,1,0,1,452.577,1,0,0,1,0,3,3,0,0,77197.918,1,15,23,0,0,0,0,0,0
4467,merged,0,3,0,3,0,3,0,3,-83341.267,1,0,0,5,0,9,7,1,0,75.352,1,10,13,0,0,0,0,0,0
4448,merged,0,5,0,5,0,2,0,2,520136.63,1,0,57.16,3,57.16,6,6,0,0,562479.28,1,125,114,0,0,1,1,0,0
4439,merged,0,2,0,2,0,2,0,2,429267.919,1,0,428757.451,2,428757.451,6,6,0,0,515047.102,1,4,2,0,0,1,1,0,0
4428,merged,0,4,0,4,0,5,0,5,608289.213,1,0,0,22,0,15,13,1,0,608480.938,1,17,14,0,0,0,0,0,0
4426,merged,22,30,0,8,0,5,0,5,684194.906,1,0,0,6,0,16,15,1,0,685288.87,1,429,231,0,0,0,0,0,0
4425,merged,0,2,0,2,0,4,0,4,687080.126,1,0,0,4,0,12,10,1,0,687330.388,1,18,22,0,0,0,0,0,0
4414,merged,192,316,44,80,0,5,0,5,-292.112,1,0,0,504,0,15,2,5,0,28.283,1,11936,337,0,16,0,0,0,0
5477,merged,0,4,0,4,0,2,2,0,-88.912,0,0,0,3,0,8,8,0,0,77111.843,2,24,0,0,0,0,0,0,0
5465,merged,0,2,0,2,0,1,1,0,-42.972,0,0,0,1,0,4,4,0,0,215.591,2,17,7,0,0,0,0,0,0
5461,merged,0,4,0,4,0,2,2,0,5525.98,0,0,0,2,0,8,8,0,0,9873.981,2,24,6,0,0,0,0,0,0
5460,merged,0,1,0,1,0,3,3,0,859.681,0,0,0,4,0,12,12,0,0,2173.338,2,40,5,0,0,0,0,0,0
5457,merged,0,2,0,2,0,1,1,0,-8295.977,0,0,0,3,0,4,4,0,0,28.379,1,4,20,0,0,0,0,0,0
5454,merged,0,9,0,9,0,3,3,0,85652.249,0,0,0,4,0,12,12,0,0,87659.509,2,206,170,0,0,0,0,0,0
5445,merged,0,7,0,7,0,1,1,0,2040.051,0,0,0,14,0,4,4,0,0,421434.232,2,276,314,0,0,0,0,0,0
5444,merged,0,1,0,1,0,2,2,0,-49.644,0,0,0,4,0,8,8,0,0,500052.258,2,31,36,0,0,0,0,0,0
5442,merged,0,4,0,4,0,4,4,0,6896.887,0,0,1577481.559,5,5922.347,16,16,0,0,1577482.585,2,337,345,0,0,9,6,3,3
5433,merged,1,3,0,2,167397.598,11,5,6,1208103.859,1,0,0,13,0,44,44,0,0,1209228.183,2,290,2,0,0,0,0,0,0
5428,merged,0,1,0,1,0,1,0,1,1857.461,1,0,0,1,0,4,4,0,0,84819.428,2,4,1,0,0,0,0,0,0
5426,merged,0,1,0,1,0,1,0,1,5496.929,1,0,0,1,0,4,4,0,0,92542.493,2,1,2,0,0,0,0,0,0
5425,merged,0,1,0,1,0,1,0,1,2639.309,1,0,0,1,0,4,4,0,0,92724.375,2,32,42,0,0,0,0,0,0
5422,merged,1,6,1,4,584032.472,10,6,4,602575.853,1,0,598818.327,14,2146.042,40,40,0,1,603740.724,2,102,90,0,0,6,1,5,5
5405,merged,0,1,0,1,0,1,1,0,1642907.815,0,0,0,5,0,4,4,0,0,1729453.129,2,66,3,0,0,0,0,0,0
5403,merged,0,1,0,1,0,2,2,0,-561.186,0,0,0,11,0,8,8,0,0,594179.303,2,5,4,0,0,0,0,0,0
5399,merged,0,5,0,5,0,12,8,4,1085068.669,1,0,0,12,0,48,45,1,0,1734954.831,2,223,283,0,0,0,0,0,0
5395,merged,2,15,0,13,516690.514,8,3,5,1221375.447,1,0,0,14,0,32,32,0,0,1284792.22,2,269,98,0,0,0,0,0,0
5394,merged,0,5,0,5,0,5,5,0,92384.665,0,0,91618.338,12,91618.338,20,20,0,0,165740.182,2,34,12,0,0,1,0,1,1
5379,merged,0,3,0,3,0,1,1,0,1652997.139,0,0,0,2,0,4,4,0,0,1728427.956,3,31,0,0,0,0,0,0,0
5373,merged,0,5,0,5,0,5,5,0,1126684.912,0,0,1123667.031,9,1123666.712,20,20,0,0,1132551.881,2,18,2,0,0,2,0,2,2
5363,merged,1,2,0,1,0,2,2,0,599398.8,0,0,431429.292,2,431429.292,8,8,0,0,608635.684,2,66,45,0,0,1,1,0,0
5361,merged,0,12,0,12,0,2,2,0,1645069.266,0,0,1652622.438,7,528868.036,8,8,0,1,1652641.344,2,43,31,0,0,9,6,3,3
5359,closed,0,7,0,7,0,3,1,2,3006640.722,1,3623136.774,1647483.129,4,1646498.123,12,4,4,0,0,2,137,35,0,0,5,1,4,0
5351,merged,0,1,0,1,0,3,3,0,452911.888,0,0,452097.411,3,452097.411,12,12,0,0,539179.19,2,41,14,0,0,1,0,1,1
5335,merged,0,1,0,1,0,1,1,0,274.627,0,0,0,1,0,4,4,0,0,70898.229,2,206,152,0,0,0,0,0,0
5316,merged,0,1,0,1,0,1,1,0,-68.636,0,0,0,1,0,4,4,0,0,100.8,2,0,0,0,0,0,0,0,0
5315,merged,1,1,0,0,0,1,1,0,383.679,0,0,0,1,0,4,4,0,0,3961.415,2,103,0,0,0,0,0,0,0
5311,merged,1,2,0,1,0,2,2,0,3973.616,0,0,0,2,0,8,8,0,0,4426.826,2,4,2,0,0,0,0,0,0
5310,merged,0,4,0,4,0,5,5,0,692022.449,0,0,688078.84,7,688078.84,21,20,1,1,692980.36,2,30,11,0,0,1,0,1,1
5309,merged,1,7,0,6,1314172.881,9,4,5,2433674.667,1,0,2427968.759,17,1306402.426,36,36,0,0,2437222.267,2,72,3,0,0,3,0,3,3
5288,merged,0,3,0,3,0,2,2,0,89975.446,0,0,0,2,0,8,8,0,0,151938.472,2,27,3,0,0,0,0,0,0
5287,merged,1,4,0,3,0,6,0,6,168143.073,1,0,5456.151,8,5456.151,24,24,0,0,600673.405,2,292,24,0,0,1,1,0,0
5278,merged,0,10,0,10,510783.534,11,9,2,1716754.555,1,0,0,16,0,44,44,0,0,1720199.211,2,30,16,0,0,0,0,0,0
5272,merged,1,7,0,6,416499.667,3,1,2,432353.416,1,0,432053.303,3,423264.258,13,9,1,0,434494.998,2,75,30,0,0,5,0,5,5
5270,merged,0,1,0,1,0,1,1,0,-192.545,0,0,0,2,0,4,4,0,0,7051.703,2,1,85,0,0,0,0,0,0
5268,merged,0,13,5,8,0,2,2,0,80632.475,0,0,84517.018,2,1732.756,8,8,0,0,675302.886,3,31,351,0,0,4,0,4,1
5261,merged,0,3,0,3,0,3,3,0,182637.391,0,0,0,3,0,12,12,0,0,183053.653,2,80,5,0,0,0,0,0,0
5255,merged,0,2,0,2,1894419.8730000001,16,11,5,3701935.905,1,0,3622978.287,20,3017305.328,64,48,6,0,3715435.996,2,120,47,0,0,2,0,2,2
5254,merged,0,2,0,2,0,1,0,1,-100.294,1,0,0,1,0,4,4,0,0,1470709.986,2,25,3,0,0,0,0,0,0
5244,merged,0,6,0,6,0,3,3,0,1996612.457,0,0,2245310.404,3,1996324.209,12,12,0,0,2250105.773,2,92,26,0,0,3,1,2,2
5240,merged,1,3,0,2,0,1,1,0,529265.776,0,0,0,1,0,4,4,0,0,2094057.779,2,69,2,0,0,0,0,0,0
5238,merged,1,10,0,9,0,3,3,0,154137.319,0,0,0,3,0,12,12,0,0,160791.533,2,275,245,0,0,0,0,0,0
5235,merged,2,5,0,3,0,4,3,1,4136.19,1,0,0,5,0,16,16,0,0,4885.358,2,103,68,0,0,0,0,0,0
5229,merged,0,4,0,4,0,2,2,0,434850.591,0,0,0,2,0,8,8,0,0,436005.841,2,64,28,0,0,0,0,0,0
5164,merged,0,2,0,2,0,2,2,0,619130.241,0,0,0,2,0,8,8,0,0,620489.259,2,103,19,0,0,0,0,0,0
5161,merged,0,3,0,3,0,4,4,0,193085.303,0,0,0,5,0,16,16,0,0,690013.417,2,19,6,0,0,0,0,0,0
5134,merged,2,4,0,2,0,4,4,0,174838.177,0,0,93200.593,4,92564.649,19,16,0,0,605569.545,2,54,5,0,0,3,0,3,0
5130,merged,0,2,0,2,0,1,1,0,7493.8,0,0,0,1,0,4,4,0,0,429083.998,2,11,0,0,0,0,0,0,0
5129,merged,1,2,0,1,0,4,4,0,597464.867,0,0,594006.401,4,72559.263,16,16,0,0,676858.507,2,139,5,0,0,4,0,4,0
5128,merged,0,2,0,2,0,1,1,0,605518.011,0,0,0,1,0,4,4,0,0,680762.129,2,54,53,0,0,0,0,0,0
5125,merged,0,6,0,6,17578.93,9,4,5,1131740.57,1,0,1125542.052,12,517475.27,36,36,0,0,1132210.316,2,19,2,0,0,5,0,5,4
5124,merged,0,3,0,3,0,2,2,0,69990.641,0,0,0,1,0,8,8,0,0,71365.312,2,16,0,0,0,0,0,0,0
5122,merged,1,3,0,2,0,1,1,0,6562.812,0,0,0,1,0,4,4,0,0,10060.372,2,76,0,0,0,0,0,0,0
5119,merged,0,3,0,3,426.767,3,2,1,2257.338,1,0,1425.662,3,1425.662,12,12,0,0,2625.256,2,14,0,0,0,1,0,1,0
5110,merged,0,10,0,10,0,3,3,0,437767.846,0,0,0,4,0,12,12,0,0,438068.38,2,18,22,0,0,0,0,0,0
5105,merged,4,4,0,0,0,2,2,0,85500.044,0,0,85236.999,2,85236.999,8,8,0,0,85745.258,2,65,0,0,0,1,0,1,0
5097,merged,0,3,0,3,0,1,1,0,809.481,0,0,0,1,0,4,4,0,0,82741.814,2,11,0,0,0,0,0,0,0
5096,merged,1,11,0,10,0,3,3,0,605335.46,0,0,603741.617,6,603225.421,12,12,0,0,605752.281,2,102,22,0,0,3,0,3,0
5092,merged,3,5,0,2,0,2,2,0,10159.61,0,0,0,4,0,8,8,0,0,11515.761,2,69,0,0,0,0,0,0,0
5091,merged,4,4,0,0,0,1,1,0,3370.4,0,0,0,1,0,4,4,0,0,3639.512,2,64,0,0,0,0,0,0,0
5085,merged,2,4,0,2,0,2,2,0,89556.929,0,0,78436.03,2,78436.03,8,8,0,0,90671.516,2,45,0,0,0,1,0,1,0
5080,merged,0,6,0,6,81.106,7,6,1,1712666.297,1,0,0,8,0,28,26,1,0,1724645.62,2,95,41,0,0,0,0,0,0
5077,merged,1,4,0,3,0,1,1,0,90442.394,0,0,0,1,0,4,4,0,0,91312.731,2,31,0,0,0,0,0,0,0
5068,merged,2,5,0,3,0,2,2,0,603001.202,0,0,517111.609,3,517111.609,8,8,0,0,604042.984,2,128,3,0,0,1,0,1,1
5041,merged,0,3,0,3,0,5,5,0,1126982.877,0,0,514898.188,6,514898.188,20,20,0,0,1127332.649,3,25,3,0,0,1,0,1,1
5036,merged,0,3,0,3,0,5,5,0,1988687.68,0,0,0,6,0,20,20,0,0,1990018.29,2,96,16,0,0,0,0,0,0
5030,merged,1,3,0,2,0,3,3,0,963153.643,0,0,422430.087,2,422430.087,12,12,0,0,425342.904,2,98,0,0,0,1,0,1,1
5017,merged,0,8,0,8,588723.492,7,6,1,2594917.396,1,0,2573829.494,14,2573827.212,28,28,0,0,2595236.545,2,68,24,0,0,7,0,7,6
5016,merged,0,4,0,4,952.136,9,8,1,1810773.599,1,0,0,10,0,36,33,1,0,1811528.038,3,130,23,0,0,0,0,0,0
5014,merged,3,6,0,3,371.032,9,7,1,605327.729,1,0,599813.048,9,165892.601,36,35,0,0,606186.89,3,50,7,0,0,5,0,5,5
5002,merged,4,7,1,2,82718.938,16,3,13,514187.998,1,0,511080.898,13,511080.898,90,87,3,0,514333.162,2,61,0,0,0,1,1,0,0
4996,closed,999,999,0,0,79097.957,5,2,3,768708.877,1,778290.419,597354.654,6,596757.599,20,14,2,0,0,2,95,0,823,0,2,1,1,0
4990,closed,4,6,0,2,0,5,0,5,90602.401,1,90544.725,0,4,0,24,24,0,0,0,1,61,0,0,0,0,0,0,0
4989,merged,0,6,0,6,516668.46699999995,15,10,5,1382091.333,1,0,1381069.15,21,1217538.293,63,48,5,0,1382500.115,3,33,14,0,0,3,2,1,1
4988,merged,0,4,0,4,2465.827,6,3,3,173468.292,1,0,619364.606,6,150365.765,25,21,2,1,619364.663,3,100,28,0,0,4,0,4,2
4918,merged,0,2,0,2,0,2,2,0,-23.631,0,0,0,2,0,8,8,0,0,406.752,1,0,0,0,0,0,0,0,0
4913,merged,0,1,0,1,0,2,2,0,-64.711,0,0,0,2,0,8,8,0,0,19.994,1,0,0,0,0,0,0,0,0
4911,merged,0,0,0,0,4915.23,3,2,1,-252187.147,1,0,0,3,0,19,11,2,0,7.279,1,0,0,0,0,0,0,0,0
4910,merged,0,4,0,4,0,1,1,0,-71.021,0,0,0,1,0,4,4,0,0,100.622,1,2,39,0,0,0,0,0,0
4909,merged,0,1,0,1,0,1,1,0,-2471.747,0,0,0,1,0,4,4,0,0,7.097,1,0,0,0,0,0,0,0,0
4908,merged,2,2,0,0,0,2,2,0,-465.345,0,0,0,2,0,8,8,0,0,109.498,1,0,0,0,0,0,0,0,0
5450,merged,0,8,0,8,0,20,0,20,1699040.178,1,0,0,12,0,80,76,2,0,21.191,1,31,8,0,0,0,0,0,0
5449,merged,0,2,0,2,0,1,0,1,2165.209,1,0,0,1,0,4,4,0,0,2212.652,1,29,5,0,0,0,0,0,0
5448,merged,0,1,0,1,0,10,0,10,43071.846,1,0,0,9,0,40,37,1,0,739.322,1,0,1,0,0,0,0,0,0
5447,merged,0,12,0,12,0,7,0,7,1373.348,1,0,0,7,0,28,25,1,0,1457.221,1,271,126,0,0,0,0,0,0
5443,merged,0,9,0,9,0,4,0,4,128894.19,1,0,0,3,0,16,16,0,0,20.275,1,52,7,0,0,0,0,0,0
5438,merged,0,3,0,3,0,1,0,1,15710.568,1,0,0,1,0,4,4,0,0,15762.685,1,50,5,0,0,0,0,0,0
5413,merged,0,22,0,22,0,19,0,19,905138.268,1,0,0,10,0,76,74,1,0,349.96,1,82,20,0,0,0,0,0,0
5412,merged,0,11,0,11,0,1,0,1,5931.584,1,0,0,1,0,4,4,0,0,6139.593,1,73,11,0,0,0,0,0,0
5411,merged,0,5,0,5,0,1,0,1,1399.841,1,0,0,1,0,4,4,0,0,1757.775,1,7,7,0,0,0,0,0,0
5390,merged,0,8,0,8,0,8,0,8,575335.309,1,0,0,4,0,32,32,0,0,16.033,1,8,5,0,0,0,0,0,0
5389,merged,0,2,0,2,0,1,0,1,101.399,1,0,0,1,0,4,4,0,0,447.143,1,6,3,0,0,0,0,0,0
5369,merged,0,6,0,6,0,5,0,5,2931192.89,1,0,0,8,0,20,20,0,0,2932822.628,1,269,125,0,0,0,0,0,0
5368,merged,0,14,0,14,0,13,0,13,1236424.22,1,0,0,5,0,52,52,0,0,32.043,1,64,70,0,0,0,0,0,0
5367,merged,0,7,0,7,0,1,0,1,-32.221,1,0,0,3,0,4,4,0,0,185.616,1,62,68,0,0,0,0,0,0
5303,merged,0,8,0,8,0,12,0,12,1153529.673,1,0,0,3,0,48,48,0,0,14.706,1,30,52,0,0,0,0,0,0
5302,merged,0,2,0,2,0,1,0,1,-33.543,1,0,0,1,0,4,4,0,0,309.691,1,28,50,0,0,0,0,0,0
5301,merged,0,10,0,10,0,2,0,2,-44.674,1,0,0,3,0,8,8,0,0,20.466,1,187,71,0,0,0,0,0,0
5300,merged,0,4,0,4,0,1,0,1,18061.646,1,0,0,1,0,4,4,0,0,18792.206,1,185,69,0,0,0,0,0,0
5283,merged,0,14,0,14,0,7,0,7,471306.44,1,0,0,5,0,28,25,1,0,29.25,1,50,26,0,0,0,0,0,0
5282,merged,0,3,0,3,0,1,0,1,1935.511,1,0,0,1,0,4,4,0,0,3467.89,1,19,4,0,0,0,0,0,0
5281,merged,0,6,0,6,0,1,0,1,15128.845,1,0,0,1,0,4,4,0,0,15581.349,1,29,20,0,0,0,0,0,0
5280,merged,0,8,0,8,0,20,0,20,47003.292,1,0,0,7,0,81,76,3,0,356.509,1,215,77,0,0,0,0,0,0
5279,merged,0,1,0,1,0,1,0,1,8478.493,1,0,0,1,0,4,4,0,0,9750.81,1,213,75,0,0,0,0,0,0
5182,merged,0,6,0,6,0,10,0,10,833511.145,1,0,0,2,0,40,36,2,0,273.056,1,2,2,0,0,0,0,0,0
5181,merged,0,1,0,1,0,20,0,20,-265.77,1,0,0,29,0,80,67,6,0,161.374,1,1,1,0,0,0,0,0,0
5175,merged,9,45,0,36,0,20,0,20,996507.351,1,0,0,27,0,80,67,6,0,16.041,1,1199,87,0,0,0,0,0,0
5158,merged,0,7,0,7,0,3,0,3,597.323,1,0,0,2,0,12,12,0,0,620.566,1,3,3,0,0,0,0,0,0
5131,merged,9,44,0,35,0,2,0,2,1212118.061,1,0,0,4,0,8,5,1,0,1214229.566,1,1196,82,0,0,0,0,0,0
5127,merged,1,58,0,57,0,20,0,20,1335347.077,1,0,0,23,0,80,74,3,0,1384.878,1,3165,2810,0,0,0,0,0,0
5095,merged,1,23,0,22,0,2,0,2,976011.365,1,0,0,7,0,8,8,0,0,976289.593,1,162,42,0,0,0,0,0,0
5081,merged,0,36,0,36,0,4,0,4,642481.909,1,0,0,4,0,16,16,0,0,687379.525,1,3008,2769,0,0,0,0,0,0
5079,merged,0,7,0,7,0,20,0,20,745123.548,1,0,0,17,0,80,80,0,0,1742.464,1,53,25,0,0,0,0,0,0
5067,merged,0,2,0,2,0,1,0,1,595505.275,1,0,0,1,0,4,4,0,0,596104.853,1,49,21,0,0,0,0,0,0
5057,merged,0,10,0,10,0,9,0,9,-23.315,1,0,0,12,0,36,36,0,0,21.575,1,27,20,0,0,0,0,0,0
5056,merged,0,6,0,6,0,8,0,8,482.123,1,0,0,11,0,32,32,0,0,654.749,1,26,19,0,0,0,0,0,0
5054,merged,0,6,0,6,0,2,0,2,6961.494,1,0,0,3,0,8,8,0,0,7144.871,1,28,16,0,0,0,0,0,0
5053,merged,0,51,0,51,0,6,0,6,40327.637,1,0,0,8,0,24,24,0,0,1453.52,1,5451,5280,0,0,0,0,0,0
5050,merged,0,51,0,51,0,1,0,1,94288.733,1,0,0,7,0,4,4,0,0,94538.266,1,5451,5281,0,0,0,0,0,0
5048,merged,0,2,0,2,0,3,0,3,51434.574,1,0,0,4,0,12,12,0,0,9.168,1,3,3,0,0,0,0,0,0
5047,merged,0,1,0,1,0,1,0,1,-22.819,1,0,0,1,0,4,4,0,0,17.811,1,3,3,0,0,0,0,0,0
5046,merged,0,1,0,1,0,6,0,6,-76128.884,1,0,0,6,0,34,29,0,0,25.143,1,0,0,0,0,0,0,0,0
5045,merged,0,1,0,1,0,2,0,2,45059.597,1,0,0,2,0,8,8,0,0,7.925,1,0,0,0,0,0,0,0,0
5044,merged,0,1,0,1,0,1,0,1,-140.522,1,0,0,1,0,4,4,0,0,13.129,1,0,0,0,0,0,0,0,0
5043,merged,0,1,0,1,0,1,0,1,-20.397,1,0,0,2,0,4,4,0,0,8.137,1,0,0,0,0,0,0,0,0
5042,merged,0,1,0,1,0,1,0,1,-12.926,1,0,0,1,0,4,4,0,0,12.081,1,0,0,0,0,0,0,0,0
5040,merged,1,8,0,7,0,20,0,20,-22.79,1,0,0,8,0,76,76,0,0,55.365,1,47,1,0,0,0,0,0,0
5038,merged,1,5,0,4,0,1,0,1,14224.69,1,0,0,1,0,4,4,0,0,14744.003,1,47,1,0,0,0,0,0,0
4975,merged,0,5,0,5,0,3,0,3,53959.745,1,0,0,2,0,12,12,0,0,8.178,1,0,0,0,0,0,0,0,0
4974,merged,0,0,0,0,0,8,6,2,-1102.368,1,0,0,9,0,38,30,2,0,20.333,1,0,0,0,0,0,0,0,0
4973,merged,0,3,0,3,0,1,0,1,-11.82,1,0,0,1,0,4,4,0,0,901.998,1,0,0,0,0,0,0,0,0
4972,merged,1,1,0,0,0,1,0,1,-55.776,1,0,0,1,0,4,4,0,0,8.274,1,0,0,0,0,0,0,0,0
4970,merged,0,6,2,4,237571.726,20,1,19,-135.647,1,0,0,23,0,80,68,6,0,292.411,1,0,0,0,0,0,0,0,0
4964,merged,0,1,0,1,0,4,2,2,206880.38,1,0,0,2,0,8,4,4,0,6.563,1,2,2,0,0,0,0,0,0
4963,merged,0,1,0,1,0,1,1,0,-10.654,0,0,0,1,0,2,2,0,0,203.83,1,2,2,0,0,0,0,0,0
4962,merged,0,1,0,1,0,1,1,0,-19.643,0,0,0,2,0,2,2,0,0,128.401,1,13,8,0,0,0,0,0,0
4961,merged,0,1,0,1,0,1,1,0,-14.204,0,0,0,1,0,2,2,0,0,142.969,1,13,8,0,0,0,0,0,0
4960,merged,17,38,0,21,1215509.311,20,1,19,-184.068,1,0,0,35,0,80,38,22,0,276.522,1,989,50,0,0,0,0,0,0
4928,merged,17,30,0,13,1897288.839,9,2,7,4933388.315,1,0,0,9,0,32,18,7,0,4933684.765,1,976,38,0,0,0,0,0,0
4860,merged,0,10,0,10,86392.959,20,15,5,7085024.054,1,0,0,15,0,80,70,5,0,213.569,1,13,12,0,0,0,0,0,0
4859,merged,0,6,0,6,0,20,20,0,50357.751,0,0,0,14,0,81,80,1,0,4596.438,1,11,6,0,0,0,0,0,0
4858,merged,0,3,0,3,69170.0,20,17,3,-70.933,1,0,0,11,0,81,78,2,0,570.31,1,18,9,0,0,0,0,0,0
4857,merged,0,2,0,2,71132.276,20,16,4,-18.458,1,0,0,10,0,81,78,2,0,276.427,1,5,7,0,0,0,0,0,0
4848,merged,0,1,0,1,71132.276,20,16,4,1175472.022,1,0,0,9,0,81,78,2,0,1486.627,1,0,2,0,0,0,0,0,0
4847,merged,0,2,0,2,71132.276,13,9,4,144.759,1,0,0,7,0,52,50,1,0,591.136,1,48,18,0,0,0,0,0,0
4846,merged,0,7,0,7,0,7,7,0,126314.965,0,0,0,3,0,28,28,0,0,14.797,1,40,29,0,0,0,0,0,0
4845,merged,0,7,0,7,0,4,4,0,303199.957,0,0,0,2,0,16,16,0,0,10.474,1,35,28,0,0,0,0,0,0
4844,merged,0,7,0,7,0,1,1,0,-1345.841,0,0,0,1,0,4,4,0,0,101.468,1,34,27,0,0,0,0,0,0
4840,merged,0,14,1,13,0,9,8,1,63030.48,1,0,0,5,0,36,32,2,0,84.726,1,191,74,0,0,0,0,0,0
4838,merged,0,7,0,7,0,1,1,0,434187.848,0,0,0,1,0,4,4,0,0,435618.552,1,114,10,0,0,0,0,0,0
4837,merged,0,6,1,5,0,20,20,0,-31.77,0,0,0,48,0,125,103,0,0,291.838,1,9,6,0,0,0,0,0,0
4836,merged,1,21,0,20,0,11,11,0,48955.1,0,0,0,11,0,38,38,0,0,8070.999,1,645,192,0,0,0,0,0,0
4835,merged,0,11,0,11,0,4,4,0,85059.056,0,0,0,4,0,15,15,0,0,85417.03,2,192,84,0,0,0,0,0,0
4833,merged,0,5,0,5,0,1,1,0,15162.541,0,0,0,1,0,3,3,0,0,15471.666,1,104,36,0,0,0,0,0,0
4830,merged,1,16,0,15,0,5,5,0,212762.141,0,0,0,5,0,15,15,0,0,12.777,1,353,76,0,0,0,0,0,0
4829,merged,1,16,0,15,0,3,3,0,-622.332,0,0,0,4,0,9,9,0,0,49.388,1,351,74,0,0,0,0,0,0
4828,merged,1,16,0,15,678.377,2,1,1,89024.209,1,0,0,3,0,6,6,0,0,89152.866,1,347,74,0,0,0,0,0,0
4827,merged,0,1,0,1,0,20,20,0,-1743.816,0,0,0,35,0,120,94,0,0,18.788,1,4,0,0,0,0,0,0,0
4826,merged,1,23,1,21,0,1,1,0,-188.216,0,0,0,2,0,3,3,0,0,25.53,1,224,170,0,0,0,0,0,0
4821,merged,1,23,1,21,0,20,20,0,237382.204,0,0,0,32,0,120,94,0,0,238448.607,1,224,170,0,0,0,0,0,0
4820,merged,15,80,4,61,86412.96,20,19,1,222769.145,1,0,0,85,0,61,57,2,0,447.075,1,7283,3436,0,0,0,0,0,0
4735,merged,0,3,0,3,0,2,2,0,86036.706,0,0,0,3,0,6,6,0,0,86270.778,2,4,3,0,0,0,0,0,0
4714,merged,0,3,0,3,0,5,5,0,607094.938,0,0,0,5,0,15,15,0,0,607780.238,2,227,55,0,0,0,0,0,0
4702,merged,0,10,0,10,776730.017,9,7,2,2409860.68,1,0,0,6,0,27,27,0,0,2409995.994,2,212,38,0,0,0,0,0,0
4697,merged,0,11,0,11,3153.136,14,9,5,520770.799,1,0,0,59,0,42,33,3,0,520886.738,2,183,25,0,0,0,0,0,0
4682,merged,0,3,0,3,0,3,3,0,614305.553,0,0,0,3,0,9,9,0,0,1023460.29,2,18,3,0,0,0,0,0,0
4676,merged,0,8,0,8,0,10,10,0,1209437.79,0,0,0,11,0,30,30,0,0,1210011.366,2,547,390,0,0,0,0,0,0
4646,merged,0,10,0,10,505568.30000000005,11,6,5,1732742.738,1,0,0,16,0,33,33,0,0,1733068.691,2,367,194,0,0,0,0,0,0
4625,merged,0,2,0,2,0,3,3,0,524044.696,0,0,0,3,0,9,9,0,0,1809939.596,2,58,48,0,0,0,0,0,0
4617,merged,0,8,0,8,74762.05,9,8,1,1911949.126,1,0,0,11,0,27,27,0,0,1985578.413,2,509,382,0,0,0,0,0,0
4616,merged,1,14,0,13,514306.28,12,10,2,684332.183,1,0,0,41,0,36,36,0,0,685097.459,2,351,74,0,0,0,0,0,0
4614,merged,0,1,0,1,53.532,20,19,1,600576.795,1,0,0,20,0,96,70,0,0,190.743,1,0,0,0,0,0,0,0,0
4613,merged,12,41,3,26,53.532,17,16,1,-543.361,1,0,0,18,0,93,63,0,0,21.738,1,947,79,0,0,0,0,0,0
4600,merged,1,15,0,14,1726464.906,17,8,9,4933205.479,1,0,0,24,0,51,51,0,0,4933932.98,2,896,161,0,0,0,0,0,0
4592,merged,1,9,0,8,1279.728,16,13,3,1383827.56,1,0,0,17,0,48,48,0,0,1383916.596,2,230,112,0,0,0,0,0,0
4581,merged,0,3,0,3,435242.074,13,10,3,1810.706,1,0,0,13,0,39,39,0,0,78604.508,2,22,6,0,0,0,0,0,0
4579,merged,0,10,0,10,160655.33800000002,19,13,6,1895115.046,1,0,0,19,0,57,57,0,0,1896179.947,2,152,32,0,0,0,0,0,0
4531,merged,0,9,0,9,435242.074,12,9,3,698566.551,1,0,0,12,0,36,36,0,0,696106.976,2,113,27,0,0,0,0,0,0
4510,merged,0,9,0,9,605806.324,14,7,7,2939310.116,1,0,0,13,0,42,33,3,0,2939523.631,2,183,19,0,0,0,0,0,0
4503,merged,0,8,0,8,0,11,11,0,600653.367,0,0,0,11,0,33,33,0,0,90532.195,2,336,309,0,0,0,0,0,0
4501,merged,0,4,0,4,0,7,7,0,5377.404,0,0,0,7,0,21,21,0,0,6844.457,2,45,61,0,0,0,0,0,0
4496,merged,0,7,0,7,0,7,7,0,7021.193,0,0,0,8,0,21,21,0,0,7277.851,2,435,409,0,0,0,0,0,0
4494,merged,0,5,0,5,0,7,7,0,2885.859,0,0,0,9,0,21,21,0,0,3575.028,2,455,290,0,0,0,0,0,0
4478,merged,0,8,0,8,0,5,5,0,176495.434,0,0,0,6,0,15,15,0,0,150727.672,2,36,23,0,0,0,0,0,0
4455,merged,6,11,0,5,426702.185,12,10,2,1219237.83,1,0,0,14,0,36,36,0,0,1292573.659,2,464,251,0,0,0,0,0,0
4453,merged,1,15,0,14,770554.855,20,10,10,3023096.044,1,0,0,25,0,60,60,0,0,3023285.808,3,365,81,0,0,0,0,0,0
4446,merged,1,17,0,16,0,14,14,0,702281.629,0,0,0,19,0,46,44,0,0,1017810.774,3,1049,1101,0,0,0,0,0,0
4445,merged,0,6,0,6,0,3,3,0,4732.25,0,0,0,3,0,9,9,0,0,5408.011,2,62,21,0,0,0,0,0,0
4437,merged,0,3,0,3,0,3,3,0,76542.608,0,0,0,4,0,9,9,0,0,76981.96,2,140,115,0,0,0,0,0,0
4436,merged,0,1,0,1,0,2,2,0,510699.349,0,0,0,1,0,6,6,0,0,4702.629,2,3,0,0,0,0,0,0,0
4434,merged,0,3,0,3,0,3,3,0,81813.217,0,0,0,3,0,9,9,0,0,83039.168,2,4,4,0,0,0,0,0,0
4433,merged,0,2,0,2,527.383,2,1,1,945.364,1,0,0,2,0,6,6,0,0,1130.782,2,2,2,0,0,0,0,0,0
4432,merged,0,4,0,4,0,2,2,0,10055.864,0,0,0,2,0,6,6,0,0,10501.743,2,7,6,0,0,0,0,0,0
4430,merged,0,3,0,3,504.421,3,2,1,11171.222,1,0,0,3,0,9,9,0,0,11308.045,2,5,0,0,0,0,0,0,0
4429,merged,0,4,0,4,0,9,9,0,85312.808,0,0,12216.347,10,12216.347,27,27,0,0,85525.941,2,1285,1322,0,0,1,1,0,0
4406,merged,102,147,1,44,246.344,3,2,1,-127.246,1,0,0,4,0,9,9,0,0,132.226,1,5317,5819,0,0,0,0,0,0
4380,closed,0,1,0,1,523931.663,5,2,3,130.924,1,4138825.155,0,5,0,15,15,0,0,0,2,695,334,0,0,0,0,0,0
4379,merged,0,3,0,3,602662.72,10,2,8,1405.244,1,0,0,10,0,30,30,0,0,1513.831,2,450,60,0,0,0,0,0,0
4374,merged,0,5,0,5,76801.106,3,1,2,231.399,1,0,0,3,0,9,9,0,0,573.461,2,96,85,0,0,0,0,0,0
4365,merged,0,7,0,7,0,1,1,0,-588.903,0,0,0,17,0,3,3,0,0,98.522,2,24,22,0,0,0,0,0,0
4361,merged,0,1,0,1,515923.81399999995,13,4,9,53.736,1,0,0,13,0,39,30,3,0,170.326,2,10,12,0,0,0,0,0,0
4359,closed,0,12,0,12,1117442.233,16,6,10,695551.364,1,4831051.518,0,17,0,48,48,0,0,0,2,236,184,0,0,0,0,0,0
4358,merged,0,4,0,4,440816.06200000003,8,6,2,1971.939,1,0,0,15,0,24,24,0,0,2953.723,2,18,19,0,0,0,0,0,0
4357,merged,0,9,0,9,515523.393,10,3,7,6810.634,1,0,0,10,0,30,21,3,0,6952.36,2,82,39,0,0,0,0,0,0
4356,merged,0,30,1,29,439073.493,5,4,1,-58.147,1,0,0,12,0,15,15,0,0,731.873,2,334,352,0,0,0,0,0,0
4350,merged,1,15,0,14,1287689.257,9,1,8,-133.508,1,0,0,11,0,27,24,1,0,1162.607,2,659,366,0,0,0,0,0,0
4341,merged,0,1,0,1,0,13,13,0,450.677,0,0,0,13,0,39,39,0,0,545.048,2,1,2,0,0,0,0,0,0
4340,merged,0,2,0,2,0,3,3,0,76293.393,0,0,0,3,0,9,9,0,0,76837.295,2,5,23,0,0,0,0,0,0
4339,merged,0,6,0,6,583578.596,13,6,7,1031.752,1,0,0,14,0,39,39,0,0,1398.604,2,859,774,0,0,0,0,0,0
4338,merged,0,6,0,6,0,1,1,0,-6.312,0,0,0,1,0,3,3,0,0,107.453,1,714,805,0,0,0,0,0,0
4337,merged,4,13,0,9,4829952.695,20,9,11,7860855.49,1,0,0,68,0,60,60,0,0,7861068.044,2,265,21,0,0,0,0,0,0
4336,merged,0,6,0,6,583578.596,11,4,7,223.72,1,0,0,11,0,33,33,0,0,2268.864,2,805,714,0,0,0,0,0,0
4326,merged,0,9,0,9,0,10,10,0,518405.355,0,0,0,10,0,30,30,0,0,518793.938,2,139,140,0,0,0,0,0,0
4324,merged,3,11,0,8,776480.933,18,4,14,1811407.427,1,0,0,20,0,54,51,1,0,1811636.823,2,407,31,0,0,0,0,0,0
4317,merged,0,13,0,13,0,5,5,0,596482.219,0,0,0,9,0,15,15,0,0,597340.475,2,1294,1211,0,0,0,0,0,0
4299,merged,1,8,0,7,1295179.498,10,2,8,2413998.099,1,0,1893278.742,11,1892818.932,30,30,0,0,2414096.931,2,563,77,0,0,4,0,4,4
4296,merged,0,10,0,10,98684.178,16,11,5,612736.535,1,0,608271.969,41,607158.037,48,45,1,0,614356.694,2,139,88,0,0,4,0,4,4
4287,merged,1,8,0,7,607893.881,18,3,15,85806.728,1,0,64531.343,32,64531.343,54,44,4,0,86024.099,2,535,12,0,0,1,1,0,0
4275,merged,1,11,0,10,1294878.962,19,8,11,517932.578,1,0,0,20,0,57,57,0,0,518024.364,2,257,11,0,0,0,0,0,0
4273,merged,5,11,0,6,0,2,2,0,-135.208,0,0,0,6,0,6,6,0,0,515928.196,2,384,5,0,0,0,0,0,0
4270,merged,1,10,0,9,87231.49900000001,20,12,8,1809766.48,1,0,0,23,0,60,60,0,0,1810288.607,2,666,8,0,0,0,0,0,0
4249,merged,3,14,2,9,680136.239,20,11,9,1646299.568,1,0,0,25,0,60,54,2,0,1647856.914,2,1498,1459,0,0,0,0,0,0
4241,merged,1,9,0,8,80393.56599999999,20,12,8,1899949.584,1,0,0,27,0,60,51,3,0,1900344.401,2,196,40,0,0,0,0,0,0
4240,merged,0,10,0,10,0,1,1,0,84361.55,0,0,0,2,0,3,3,0,0,169847.794,2,59,85,0,0,0,0,0,0
4239,merged,0,7,0,7,0,7,7,0,691697.88,0,0,0,10,0,21,21,0,0,691839.15,2,33,45,0,0,0,0,0,0
4238,merged,2,9,0,7,437720.012,6,3,3,689855.251,1,0,0,6,0,18,18,0,0,690086.737,2,254,16,0,0,0,0,0,0
4237,merged,0,2,0,2,1032414.808,12,5,7,6747.29,1,0,0,13,0,36,33,1,0,9020.671,2,145,82,0,0,0,0,0,0
4236,merged,2,9,0,7,508621.945,7,1,6,508500.235,1,0,0,20,0,21,21,0,0,509994.029,2,234,176,0,0,0,0,0,0
4230,merged,1,4,0,3,0,5,5,0,98082.229,0,0,0,12,0,15,15,0,0,99104.703,2,143,3,0,0,0,0,0,0
4223,merged,1,8,0,7,603541.079,7,5,2,-130.634,1,0,0,11,0,21,21,0,0,253.937,2,117,15,0,0,0,0,0,0
4220,closed,1,9,0,8,603541.079,6,4,2,278.86,1,743.375,0,10,0,18,18,0,0,0,1,118,16,0,0,0,0,0,0
4217,merged,3,13,0,10,1299183.387,20,5,15,2345307.994,1,0,2339567.708,22,2339567.708,60,54,2,0,2345606.931,2,414,28,0,0,1,0,1,0
4210,merged,6,13,1,6,175090.246,20,14,6,1298247.847,1,0,702692.214,24,702692.214,60,60,0,0,1298566.987,2,706,109,0,0,1,1,0,0
4200,merged,1,9,1,7,518479.618,3,2,1,-76873.585,1,0,0,4,0,9,9,0,0,415024.217,2,87,121,0,0,0,0,0,0
4195,merged,1,10,0,9,1117709.758,18,10,8,1817036.757,1,0,0,19,0,54,54,0,0,1817218.131,2,135,26,0,0,0,0,0,0
4193,merged,1,9,0,8,0,7,7,0,1292328.194,0,0,767838.121,8,767819.964,21,21,0,0,1292522.787,2,182,48,0,0,2,0,2,0
4188,merged,1,9,0,8,1211676.714,17,7,10,1124085.33,1,0,674.359,18,604.719,43,35,4,0,1128050.557,2,355,15,0,0,3,0,3,0
4186,merged,1,8,0,7,680864.909,20,2,18,3545486.926,1,0,0,26,0,60,48,4,0,3546613.518,2,482,20,0,0,0,0,0,0
4176,merged,4,12,0,8,0,15,0,15,1292816.061,1,0,0,19,0,45,45,0,0,1293336.2,2,694,6,0,0,0,0,0,0
4154,merged,6,31,3,22,4280.742,20,15,5,679261.466,1,0,605537.211,26,604619.25,48,45,2,0,679369.94,3,579,259,0,0,2,1,1,0
4132,merged,1,9,0,8,171372.471,9,4,5,1734567.932,1,0,1731898.217,10,1731712.283,24,20,2,0,1738677.358,2,238,11,0,0,2,0,2,0
4131,merged,6,7,0,1,0,1,1,0,-14.625,0,0,0,1,0,2,2,0,0,280.282,1,59,10,0,0,0,0,0,0
4124,merged,0,6,0,6,0,1,1,0,-13.908,0,0,0,1,0,2,2,0,0,5.557,1,14,15,0,0,0,0,0,0
4123,merged,0,11,8,3,0,1,1,0,-10.303,0,0,0,1,0,2,2,0,0,3.699,1,0,0,0,0,0,0,0,0
4122,merged,42,120,49,29,0,1,0,1,-15.769,1,0,0,1,0,2,2,0,0,12.32,1,1600,2756,0,0,0,0,0,0
4115,merged,1,23,7,15,164.608,2,1,1,131.168,1,0,0,2,0,4,4,0,0,493.067,1,175,657,0,0,0,0,0,0
4102,merged,4,18,0,14,62811.098,7,3,4,-109.342,1,0,0,13,0,14,14,0,0,84706.07,2,500,74,0,0,0,0,0,0
4096,merged,1,1,0,0,0,1,1,0,1748.244,0,0,0,1,0,2,2,0,0,752805.584,2,0,0,0,0,0,0,0,0
4083,merged,3,15,0,12,170560.379,3,1,2,681.443,1,0,0,5,0,6,6,0,0,428221.972,2,245,53,0,0,0,0,0,0
4082,merged,0,15,0,15,507046.166,5,3,2,436092.52,1,0,0,6,0,10,10,0,0,436191.284,2,154,86,0,0,0,0,0,0
4077,merged,11,12,1,0,0,1,1,0,931.408,0,0,0,1,0,2,2,0,0,1374806.336,2,0,0,0,0,0,0,0,0
4075,merged,1,15,0,14,158781.405,7,6,1,689859.187,1,0,0,7,0,14,14,0,0,690623.589,2,329,220,0,0,0,0,0,0
4061,merged,4,12,1,7,85000.943,7,5,2,4222.811,1,0,0,10,0,14,14,0,0,4325.025,2,197,37,0,0,0,0,0,0
4058,merged,7,34,4,23,0,6,0,6,1040249.287,1,0,0,7,0,12,8,2,0,1040347.961,2,797,387,0,0,0,0,0,0
4057,merged,0,9,0,9,74168.07699999999,5,3,2,2319715.04,1,0,0,7,0,10,10,0,0,2487308.817,3,20,16,0,0,0,0,0,0
4043,merged,2,56,42,12,0,1,1,0,514080.166,0,0,0,1,0,2,2,0,0,514192.618,2,54,45,13,24,0,0,0,0
4006,closed,13,25,0,12,0,1,0,1,-41.748,1,409966.428,0,16,0,2,0,1,0,0,2,607,40,0,0,0,0,0,0
4005,merged,7,22,0,15,2915930.442,20,3,17,2926731.289,1,0,0,32,0,40,30,5,0,3414020.017,2,504,54,0,0,0,0,0,0
4000,merged,3,10,0,7,511832.184,3,1,2,511627.289,1,0,0,6,0,6,4,1,0,516645.224,3,270,46,0,0,0,0,0,0
3994,merged,42,63,0,21,0,6,1,5,780640.977,1,0,0,10,0,12,12,0,0,1212200.345,2,316,90,2,0,0,0,0,0
3992,merged,62,76,2,12,599742.124,4,1,3,-374.001,1,0,0,118,0,8,6,1,0,3401.674,1,2272,137,5,0,0,0,0,0
3990,merged,4,21,0,17,4348.471,3,1,2,-272.736,1,0,0,3,0,6,6,0,0,222.45,2,201,26,0,0,0,0,0,0
3948,closed,65,78,2,11,0,4,0,4,1836911.621,1,1837005.367,0,13,0,11,0,4,0,0,3,2289,137,7,0,0,0,0,0
5431,merged,0,8,0,8,0,6,0,6,1240335.711,1,0,0,9,0,24,24,0,0,1302567.283,1,55,107,0,0,0,0,0,0
5402,merged,0,5,0,5,0,8,0,8,2338339.659,1,0,1581392.273,9,1581392.273,32,32,0,0,2398852.31,2,86,63,0,0,1,1,0,0
5396,merged,0,4,0,4,0,3,0,3,706135.565,1,0,0,3,0,12,12,0,0,1881141.331,2,18,11,0,0,0,0,0,0
5365,merged,0,12,0,12,0,6,0,6,604702.413,1,0,0,7,0,24,24,0,0,1700505.61,1,135,119,0,0,0,0,0,0
5350,merged,0,7,0,7,115286.465,12,2,10,3622349.963,1,0,0,24,0,48,48,0,0,3786201.641,1,55,22,0,0,0,0,0,0
5312,merged,0,4,0,4,0,2,0,2,97118.948,1,0,0,3,0,8,8,0,0,257558.748,1,82,24,0,0,0,0,0,0
5299,merged,0,23,0,23,1717648.93,6,3,3,4111546.934,1,0,0,21,0,24,24,0,0,4129500.488,1,1507,1594,0,0,0,0,0,0
5286,closed,1,3,0,2,0,1,0,1,614006.134,1,1314393.198,0,1,0,4,4,0,0,0,1,219,1,0,0,0,0,0,0
5266,merged,10,29,0,19,0,4,0,4,622384.505,1,0,0,36,0,16,16,0,0,688672.863,1,1022,112,0,0,0,0,0,0
5262,merged,1,5,0,4,0,3,0,3,88784.072,1,0,0,3,0,12,12,0,0,599617.098,2,245,7,0,0,0,0,0,0
5246,merged,1,7,0,6,0,8,5,3,2423309.772,1,0,0,16,0,32,32,0,0,3428935.003,1,346,17,0,0,0,0,0,0
5241,merged,4,18,0,14,0,5,4,1,2410371.954,1,0,0,18,0,20,18,1,0,3100616.665,1,356,77,0,0,0,0,0,0
5233,merged,2,9,0,7,0,3,0,3,96875.555,1,0,0,21,0,12,12,0,0,585248.308,1,878,43,0,0,0,0,0,0
5230,merged,0,3,0,3,0,5,5,0,611469.132,0,0,0,4,0,20,20,0,0,4040671.5,1,40,1,0,0,0,0,0,0
5226,closed,0,6,0,6,0,3,3,0,1198342.416,0,2943170.711,0,3,0,12,12,0,0,0,1,197,7,0,0,0,0,0,0
5225,merged,0,6,0,6,0,2,2,0,13347.267,0,0,0,2,0,8,8,0,0,1888891.902,1,35,2,0,0,0,0,0,0
5220,merged,1,6,0,5,0,5,5,0,709638.672,0,0,0,12,0,20,20,0,0,1703450.506,1,553,30,0,0,0,0,0,0
5217,merged,0,1,0,1,0,1,1,0,399.185,0,0,0,2,0,4,4,0,0,499129.702,1,8,0,0,0,0,0,0,0
5214,merged,0,1,0,1,0,1,1,0,81501.648,0,0,0,1,0,4,4,0,0,581092.043,1,4,0,0,0,0,0,0,0
5172,closed,25,114,47,42,0,3,3,0,4675176.286,0,8301424.349,0,145,0,12,12,0,0,0,1,2076,80,0,0,0,0,0,0
5166,closed,29,119,47,43,0,8,6,2,6563086.314,1,8386323.374,0,201,0,32,29,1,0,0,1,3211,86,0,0,0,0,0,0
5156,closed,21,110,47,42,0,3,3,0,506875.052,0,8894068.969,0,117,0,12,12,0,0,0,1,1841,79,0,0,0,0,0,0
5155,closed,0,5,0,5,0,4,4,0,4824160.183,0,10277695.362,0,3,0,16,16,0,0,0,2,4,5,0,0,0,0,0,0
5147,merged,48,54,0,6,13323.428,8,6,2,93380.742,1,0,0,8,0,32,26,2,0,671838.564,1,79,17,0,0,0,0,0,0
5136,closed,21,109,47,41,0,1,1,0,283.056,0,9071314.089,0,109,0,4,4,0,0,0,1,1773,79,0,0,0,0,0,0
5123,merged,0,6,0,6,0,4,4,0,531872.275,0,0,0,4,0,16,16,0,0,693601.867,1,76,3,0,0,0,0,0,0
5120,merged,0,2,0,2,0,1,1,0,4387.482,0,0,0,1,0,4,4,0,0,577205.977,1,26,0,0,0,0,0,0,0
5118,merged,0,3,0,3,20641.595,3,1,2,1219918.519,1,0,0,10,0,12,12,0,0,1361379.145,2,50,4,0,0,0,0,0,0
5117,closed,47,49,0,2,0,3,3,0,77238.139,0,77430.995,0,3,0,12,12,0,0,0,0,13,0,0,0,0,0,0,0
5104,merged,0,2,0,2,0,2,2,0,92582.565,0,0,0,2,0,8,8,0,0,504566.058,1,22,11,0,0,0,0,0,0
5103,closed,20,104,47,37,0,5,5,0,706012.301,0,10201244.747,0,92,0,20,20,0,0,0,1,1287,69,0,0,0,0,0,0
5087,merged,2,15,0,13,587265.359,20,16,4,8381709.385,1,0,0,23,0,80,68,4,0,8444511.666,2,333,67,0,0,0,0,0,0
5084,merged,0,4,0,4,0,3,3,0,101764.608,0,0,0,3,0,12,12,0,0,519590.788,1,37,4,0,0,0,0,0,0
5070,closed,10,85,50,25,0,2,2,0,690281.351,0,12006885.375,0,45,0,8,8,0,0,0,1,758,37,0,0,0,0,0,0
5064,merged,0,58,0,58,0,3,3,0,-452.294,0,0,0,3,0,12,12,0,0,581107.454,1,36,27,0,0,0,0,0,0
5063,closed,0,58,0,58,0,3,3,0,-274.479,0,77.721,0,3,0,12,12,0,0,0,0,36,27,0,0,0,0,0,0
5026,merged,2,12,0,10,0,4,4,0,3632502.674,0,0,1115925.37,12,1115925.37,16,16,0,0,4050268.965,2,461,11,0,0,1,1,0,0
5015,merged,3,70,0,67,0,1,1,0,183833.167,0,0,0,6,0,4,4,0,0,597273.65,1,380,26,0,0,0,0,0,0
5010,closed,12,94,44,38,0,16,16,0,2515925.893,0,13313235.043,0,62,0,71,65,4,0,0,2,924,58,0,0,0,0,0,0
5005,merged,3,70,0,67,84589.057,5,2,3,590716.914,1,0,470182.409,6,470182.409,20,11,3,0,1004745.04,1,380,26,0,0,1,1,0,0
5001,closed,2,11,0,9,83242.62299999999,9,6,3,1214208.357,1,13904952.38,1878951.035,9,147951.362,36,33,1,0,0,2,220,4,0,0,3,3,0,0
5000,merged,11,24,0,13,614540.796,19,17,2,3628221.719,1,0,1990224.074,21,1990224.074,79,72,5,0,4128994.744,1,346,36,0,0,1,1,0,0
4998,closed,0,3,0,3,0,1,1,0,8774.919,0,13830414.158,0,1,0,4,4,0,0,0,1,1,1,0,0,0,0,0,0
4995,closed,2,21,0,19,524436.291,4,1,3,608207.589,1,666481.436,666480.518,6,666480.518,16,16,0,0,0,2,59,5,0,0,1,1,0,0
4992,closed,0,56,0,56,0,1,0,1,32195.265,1,202716.112,0,1,0,4,2,1,0,0,0,9,5,0,0,0,0,0,0
4991,closed,10,79,0,69,1380822.411,8,5,3,1971365.046,1,13995827.994,0,36,0,32,29,1,0,0,1,747,35,0,0,0,0,0,0
5358,merged,0,2,0,2,0,1,0,1,-34.48,1,0,0,1,0,3,3,0,0,16.656,1,0,0,0,0,0,0,0,0
5357,merged,0,2,0,2,0,1,0,1,-25.208,1,0,0,1,0,3,3,0,0,15.883,1,0,0,0,0,0,0,0,0
5356,merged,2,5,0,3,0,13,0,11,135.004,1,0,0,20,0,39,22,6,0,188.407,1,24,15,0,0,0,0,0,0
5354,merged,0,118,107,11,0,10,0,8,2022.805,1,0,0,24,0,27,16,3,0,2250.09,2,16,3160,0,0,0,0,0,0
5353,merged,5,153,109,39,0,11,0,9,-70.461,1,0,0,18,0,33,16,6,0,241.957,1,1264,3237,0,0,0,0,0,0
5169,merged,0,7,0,7,0,2,0,2,-232.594,1,0,0,2,0,8,4,2,0,255529.279,2,31,13,0,0,0,0,0,0
5163,closed,0,0,0,0,0,1,0,1,-3024.948,1,2432627.576,0,0,0,4,2,1,0,0,1,0,0,0,0,0,0,0,0
5162,merged,0,6,0,6,0,3,0,3,2439499.858,1,0,0,2,0,12,6,3,0,2439748.832,2,29,24,0,0,0,0,0,0
5157,closed,13,55,0,42,0,1,0,1,-868613.472,1,118.106,0,27,0,4,2,1,0,0,1,1451,669,0,0,0,0,0,0
5150,merged,20,84,0,64,0,13,0,13,-222.581,1,0,0,49,0,52,26,13,0,159.062,1,2771,694,0,0,0,0,0,0
5126,merged,0,1,0,1,0,1,0,1,-94.121,1,0,0,1,0,4,2,1,0,667395.462,2,1,1,0,0,0,0,0,0
5109,merged,2,10,0,8,0,2,0,2,-68.819,1,0,0,6,0,8,4,2,0,1194173.278,2,114,3,0,0,0,0,0,0
5107,merged,0,1,0,1,0,2,0,2,3823.431,1,0,0,1,0,8,4,2,0,1054128.092,2,5,1,0,0,0,0,0,0
5089,merged,3,4,0,1,0,3,0,3,-164.119,1,0,0,3,0,12,6,3,0,10104.937,2,106,2,0,0,0,0,0,0
5088,merged,0,12,0,12,0,3,0,3,3603.626,1,0,0,10,0,12,6,3,0,11385.726,2,320,36,0,0,0,0,0,0
5083,closed,0,11,0,11,0,1,0,1,-263.358,1,1341.303,0,1,0,4,2,1,0,0,1,324,24,0,0,0,0,0,0
5073,merged,5,7,0,2,0,2,0,2,220.253,1,0,0,2,0,8,4,2,0,243.12,1,114,6,0,0,0,0,0,0
5066,merged,2,16,0,14,0,8,0,8,-1020.354,1,0,0,9,0,32,16,8,0,518508.716,2,277,67,0,0,0,0,0,0
5061,merged,0,7,0,7,0,9,0,9,1316133.825,1,0,0,8,0,40,18,9,0,1819784.882,2,281,302,0,0,0,0,0,0
5060,merged,0,11,0,11,0,2,0,2,-406.676,1,0,0,5,0,8,4,2,0,687568.427,2,311,29,0,0,0,0,0,0
5059,merged,1,8,0,7,0,2,0,2,72935.649,1,0,0,3,0,14,4,8,0,761682.487,2,44,21,0,0,0,0,0,0
5058,closed,1,8,0,7,0,1,0,1,-123.382,1,294.1,0,1,0,4,2,1,0,0,1,45,22,0,0,0,0,0,0
5034,closed,0,0,0,0,0,1,0,1,1.822,1,1993846.057,0,0,0,4,2,1,0,0,2,0,0,0,0,0,0,0,0
5032,merged,0,8,0,8,0,1,0,1,-401318.174,1,0,0,2,0,5,2,2,0,609143.538,2,94,23,0,0,0,0,0,0
5028,merged,2,17,0,15,0,2,0,2,-124.771,1,0,0,3,0,8,4,2,0,1023414.728,2,581,296,0,0,0,0,0,0
5027,merged,0,1,0,1,0,3,0,3,-129.574,1,0,0,7,0,12,6,3,0,1020030.591,2,2,2,0,0,0,0,0,0
5025,closed,0,0,0,0,0,1,0,1,-93984.201,1,2176.947,0,1,0,4,2,1,0,0,1,0,0,0,0,0,0,0,0
5024,closed,0,0,0,0,0,1,0,1,-93386.493,1,274.275,0,1,0,4,2,1,0,0,1,0,0,0,0,0,0,0,0
5023,closed,0,2,0,2,0,3,0,3,1044548.721,1,1121549.713,0,8,0,12,6,3,0,0,1,8,3,0,0,0,0,0,0
5018,merged,5,33,0,28,0,1,0,1,-4036579.609,1,0,0,1,0,4,2,1,0,94005.742,2,961,63,0,0,0,0,0,0
5008,merged,5,33,0,28,0,1,0,1,-3951951.773,1,0,0,1,0,4,2,1,0,82.541,1,961,63,0,0,0,0,0,0
4903,merged,0,2,0,2,0,1,1,0,2181.426,0,0,0,1,0,4,4,0,0,149.762,1,0,0,0,0,0,0,0,0
4902,merged,0,2,0,2,0,1,1,0,2197.492,0,0,0,1,0,4,4,0,0,165.801,1,0,0,0,0,0,0,0,0
5417,merged,0,3,0,3,0,2,0,2,1890206.273,1,0,1812341.724,2,1812341.724,8,8,0,0,1900732.835,3,16,5,0,0,1,0,1,0
5352,merged,0,2,0,2,0,1,0,1,429185.708,1,0,0,2,0,4,4,0,0,780692.422,2,7,0,0,0,0,0,0,0
5340,merged,0,1,0,1,0,5,0,5,2499405.589,1,0,2433549.732,7,81533.652,20,20,0,0,2675580.075,2,54,6,0,0,8,0,8,6
5334,merged,1,3,0,2,0,1,0,1,-46.13,1,0,0,14,0,4,4,0,0,63376.605,2,344,237,0,0,0,0,0,0
5329,merged,1,3,0,2,0,6,0,6,13404.778,1,0,0,14,0,24,15,3,0,77303.484,1,344,237,0,0,0,0,0,0
5328,merged,0,4,0,4,0,1,0,1,163856.3,1,0,0,1,0,4,4,0,0,167750.264,2,15,0,0,0,0,0,0,0
5326,merged,0,1,0,1,0,1,0,1,6890.349,1,0,0,1,0,4,4,0,0,7189.453,2,1,1,0,0,0,0,0,0
5307,merged,0,7,0,7,0,4,0,4,173331.632,1,0,8984.897,5,8983.197,16,7,3,0,178403.376,2,61,7,0,0,4,0,4,4
5295,merged,0,2,0,2,0,3,0,3,1734841.612,1,0,0,3,0,12,6,2,0,1996374.349,3,5,0,0,0,0,0,0,0
5294,merged,0,1,0,1,0,1,0,1,1733626.134,1,0,0,1,0,4,4,0,0,1998160.12,2,36,2,0,0,0,0,0,0
5289,merged,0,1,0,1,0,1,0,1,8536.08,1,0,0,1,0,4,1,1,0,85429.571,2,24,0,0,0,0,0,0,0
5284,merged,0,4,0,4,0,3,0,3,14628.996,1,0,13107.759,3,4362.259,12,3,3,0,88303.797,2,20,1,0,0,3,0,3,0
5269,merged,0,1,0,1,0,2,0,2,10072.915,1,0,8848.522,2,8848.522,8,2,2,0,10664.608,2,11,3,0,0,1,0,1,0
5264,merged,0,1,0,1,0,1,0,1,644.45,1,0,0,1,0,4,1,1,0,1394.862,2,4,0,0,0,0,0,0,0
5263,merged,0,1,0,1,0,1,0,1,4075.298,1,0,0,1,0,5,1,2,0,7377.02,2,4,0,0,0,0,0,0,0
5257,merged,0,1,0,1,0,8,0,8,1309221.287,1,0,1204256.741,8,777020.642,32,11,7,0,1309462.29,4,12,3,0,0,3,1,2,2
5200,merged,0,6,0,6,0,1,0,1,6785.811,1,0,0,1,0,4,1,1,0,7331.172,0,100,37,0,0,0,0,0,0
5195,merged,0,3,0,3,0,2,0,2,10192.784,1,0,0,2,0,8,2,2,0,171815.951,0,60,12,0,0,0,0,0,0
5193,merged,0,6,0,6,0,1,0,1,6201.495,1,0,0,1,0,4,1,1,0,602430.541,0,98,42,0,0,0,0,0,0
5191,merged,0,3,0,3,0,1,0,1,10208.965,1,0,0,1,0,6,1,3,0,88118.983,0,46,19,0,0,0,0,0,0
5188,closed,0,6,0,6,0,1,0,1,-146.504,1,61.915,0,1,0,4,4,0,0,0,0,203,52,0,0,0,0,0,0
5186,closed,0,6,0,6,0,1,0,1,-30.93,1,186.025,0,1,0,4,4,0,0,0,0,203,52,0,0,0,0,0,0
5185,merged,1,4,0,3,0,2,0,2,7617.143,1,0,0,2,0,8,8,0,0,64515.136,1,258,8,0,0,0,0,0,0
5184,merged,0,2,0,2,0,2,0,2,2620.848,1,0,0,2,0,8,8,0,0,82836.86,1,17,13,0,0,0,0,0,0
5178,merged,0,5,0,5,0,6,0,6,82732.531,1,0,9296.826,7,9296.826,24,24,0,0,86531.212,1,123,95,0,0,1,0,1,0
5165,merged,1,5,0,4,0,2,0,2,108454.464,1,0,0,4,0,8,7,1,0,184921.843,1,213,17,0,0,0,0,0,0
5148,merged,0,1,0,1,0,2,0,2,529455.517,1,0,0,3,0,8,8,0,0,601451.748,1,221,65,0,0,0,0,0,0
5146,merged,2,4,0,2,0,2,0,2,606503.701,1,0,0,3,0,8,8,0,0,612397.312,1,225,50,0,0,0,0,0,0
5138,merged,1,3,0,2,0,2,0,2,170109.286,1,0,0,3,0,8,8,0,0,593085.228,1,63,119,0,0,0,0,0,0
5137,merged,5,13,0,8,0,8,0,8,604345.571,1,0,603528.949,8,600649.921,32,32,0,0,674080.795,1,322,87,0,0,6,0,6,0
5062,merged,1,2,0,1,0,1,0,1,2516732.049,1,0,0,3,0,4,4,0,0,2934743.666,1,233,34,0,0,0,0,0,0
5039,merged,3,25,1,21,0,15,0,15,3632592.296,1,0,3551843.015,21,3542411.759,62,24,14,0,3633091.962,1,482,147,0,0,3,1,2,0
5035,merged,3,8,0,5,0,20,0,20,3634705.423,1,0,3633862.837,56,3628954.439,80,80,0,0,3636487.928,2,462,5,0,0,5,0,5,0
5020,merged,7,16,0,9,0,17,0,17,3119734.266,1,0,3032517.356,18,3032517.356,78,41,19,0,4161320.153,2,488,8,0,0,1,1,0,0
5019,closed,4,14,0,10,0,4,0,4,-22362159.654,1,3291.258,0,5,0,12,12,0,0,0,0,719,530,0,0,0,0,0,0
5003,merged,1,4,0,3,0,6,0,6,4671044.643,1,0,0,11,0,24,21,1,0,4741113.767,1,161,3,0,0,0,0,0,0
4985,merged,0,14,12,2,0,14,0,14,-212.705,1,0,0,14,0,89,50,9,0,2039.959,1,0,0,0,0,0,0,0,0
4984,merged,1,3,0,2,0,1,0,1,-85424.922,1,0,0,1,0,4,1,2,0,34.812,1,2,2,0,0,0,0,0,0
4914,merged,1,4,0,3,0,2,2,0,-2482317.841,0,0,0,2,0,6,6,0,0,49.046,1,0,0,0,0,0,0,0,0
4865,merged,48,48,0,0,0,1,1,0,-426.353,0,0,0,3,0,3,3,0,0,9.24,1,965,0,0,0,0,0,0,0
4864,merged,48,48,0,0,0,1,1,0,-464.833,0,0,0,2,0,3,3,0,0,19.276,1,965,0,0,0,0,0,0,0
4861,merged,0,14,0,14,0,1,0,1,-1735504.436,1,0,0,17,0,3,3,0,0,19.88,1,530,178,0,0,0,0,0,0
4817,merged,3,67,17,47,0,11,2,9,-1799664.817,1,0,0,147,0,33,33,0,0,18.734,1,4314,3006,0,0,0,0,0,0
4797,closed,4,14,0,10,0,4,0,4,-333.128,1,4809661.693,0,5,0,12,12,0,0,0,1,719,530,0,0,0,0,0,0
4793,merged,0,14,0,14,0,13,0,13,7268624.698,1,0,74044.939,16,74044.939,39,39,0,0,7324646.732,1,530,178,0,0,1,1,0,0
4779,merged,0,6,0,6,0,5,0,5,602791.728,1,0,517227.836,6,517227.836,15,15,0,1,603054.428,2,229,148,0,0,1,1,0,0
4736,merged,0,6,0,6,0,8,0,8,1040311.719,1,0,0,16,0,24,24,0,0,1040367.292,1,1133,618,0,0,0,0,0,0
4716,merged,1,31,21,9,0,19,4,15,508592.921,1,0,0,19,0,57,57,0,0,593667.214,1,403,1082,0,0,0,0,0,0
4715,closed,0,5,0,5,0,5,0,5,602061.296,1,1639767.873,0,6,0,15,15,0,0,0,1,838,623,0,0,0,0,0,0
4708,merged,0,21,0,21,0,10,0,10,185733.694,1,0,0,20,0,30,30,0,0,186131.489,1,572,302,0,0,0,0,0,0
4690,merged,0,17,0,17,0,15,0,15,687301.62,1,0,0,15,0,45,45,0,0,687945.695,1,533,503,0,0,0,0,0,0
4681,merged,0,5,0,5,0,1,1,0,1743.926,0,0,0,1,0,3,3,0,0,163986.144,1,36,30,0,0,0,0,0,0
4670,merged,2,31,0,29,0,20,0,20,686381.024,1,0,0,26,0,60,54,2,0,688148.053,1,2445,1496,0,0,0,0,0,0
4669,merged,0,11,0,11,0,1,1,0,-37.924,0,0,0,3,0,3,3,0,0,415.242,1,40,42,0,0,0,0,0,0
4662,merged,0,11,0,11,0,1,1,0,3713.814,0,0,0,2,0,3,3,0,0,426295.71,1,40,42,0,0,0,0,0,0
4661,merged,3,37,1,33,0,4,4,0,-713.043,0,0,0,42,0,12,12,0,0,11.678,1,1182,418,0,0,0,0,0,0
4660,merged,0,2,0,2,0,1,1,0,1686.143,0,0,0,1,0,3,3,0,0,1950.233,1,9,8,0,0,0,0,0,0
4645,merged,0,6,0,6,3876.581,3,2,1,530252.253,1,0,0,3,0,12,6,4,0,605632.016,1,122,105,0,0,0,0,0,0
4636,closed,86,116,3,27,757.623,20,8,12,4313987.509,1,11487196.322,0,34,0,60,60,0,0,0,1,668,364,0,0,0,0,0,0
4635,merged,4,9,0,5,160338.517,20,9,11,2595860.004,1,0,0,32,0,60,60,0,0,2596833.446,1,146,18,0,0,0,0,0,0
4618,merged,1,16,0,15,1809578.351,13,4,9,-253.021,1,0,0,14,0,39,39,0,0,4456.554,1,279,167,0,0,0,0,0,0
4612,merged,2,22,1,19,999184.794,20,11,9,1308532.326,1,0,0,20,0,60,60,0,0,1308695.24,1,776,142,0,0,0,0,0,0
4607,merged,18,77,2,57,167341.455,7,6,1,-10818.969,1,0,0,91,0,21,21,0,0,16.099,1,3112,2509,0,0,0,0,0,0
4606,merged,0,11,0,11,271.105,2,1,1,9587.61,1,0,0,2,0,6,6,0,0,86951.112,1,104,176,0,0,0,0,0,0
4601,closed,0,12,0,12,0,11,0,11,3705846.78,1,4228950.807,0,6,0,33,30,1,0,0,1,752,900,0,0,0,0,0,0
4591,merged,0,12,0,12,0,6,6,0,172138.386,0,0,0,6,0,18,18,0,0,173180.169,1,294,239,0,0,0,0,0,0
4584,merged,1,31,1,29,1596.5900000000001,9,5,4,88848.599,1,0,0,24,0,27,27,0,0,241705.802,1,1379,1394,0,0,0,0,0,0
4582,merged,0,9,2,7,297.38,3,2,1,1431.242,1,0,0,3,0,9,9,0,0,2620.63,0,48,855,0,0,0,0,0,0
4576,merged,0,4,0,4,0,4,0,4,88204.513,1,0,0,4,0,12,12,0,0,90260.988,1,31,23,0,0,0,0,0,0
4568,merged,0,4,0,4,176.453,7,6,1,85557.388,1,0,0,7,0,21,21,0,0,158759.115,1,62,65,0,0,0,0,0,0
4564,closed,73,85,0,12,510271.0,11,4,7,4672.429,1,5109838.492,0,12,0,33,33,0,0,0,1,283,280,0,0,0,0,0,0
4556,merged,0,15,0,15,0,1,1,0,-257105.976,0,0,0,5,0,3,3,0,0,15.612,1,1018,827,0,0,0,0,0,0
4554,merged,0,5,0,5,0,2,2,0,419170.574,0,0,0,2,0,6,6,0,0,419310.316,1,160,105,0,0,0,0,0,0
4551,merged,0,15,0,15,85601.417,3,1,2,-279.046,1,0,0,4,0,9,9,0,0,73230.66,1,1018,827,0,0,0,0,0,0
4550,merged,0,1,0,1,0,1,1,0,-42.604,0,0,0,1,0,3,3,0,0,10.296,1,0,0,0,0,0,0,0,0
4549,merged,0,1,0,1,0,1,1,0,-27.605,0,0,0,1,0,3,3,0,0,6.505,1,0,0,0,0,0,0,0,0
4548,merged,0,154,153,1,0,2,2,0,-88.794,0,0,0,4,0,6,6,0,0,8.356,1,0,6503,0,902,0,0,0,0
4546,merged,14,208,85,109,94503.368,13,12,1,-35.111,1,0,0,101,0,39,37,1,0,9.661,1,4033,1979,0,0,0,0,0,0
4521,merged,0,3,0,3,565.684,8,5,3,-125.596,1,0,0,8,0,24,24,0,0,143607.995,1,768,711,0,0,0,0,0,0
4514,closed,0,3,0,3,565.684,7,4,3,-148.022,1,77376.757,0,7,0,21,21,0,0,0,0,753,700,0,0,0,0,0,0
4511,closed,0,3,0,3,0,4,3,1,11777.532,1,11793.678,0,4,0,12,12,0,0,0,0,764,701,0,0,0,0,0,0
4502,merged,0,38,3,35,1218284.474,19,1,18,3866.314,1,0,0,22,0,57,57,0,0,4228.788,2,2067,1081,0,0,0,0,0,0
4495,merged,3,56,0,53,0,6,6,0,606436.149,0,0,0,8,0,18,18,0,0,756622.377,1,196,324,0,0,0,0,0,0
4471,merged,2,22,0,20,774170.622,10,1,7,-741.917,1,0,0,14,0,30,24,3,0,1026712.637,1,995,49,0,0,0,0,0,0
4463,merged,18,47,2,27,515.582,20,5,15,2329392.93,1,0,2326409.626,39,2326279.465,60,60,0,0,2330313.184,1,1682,1107,0,0,4,0,4,0
4438,merged,0,2,0,2,0,6,0,6,-677.814,1,0,0,4,0,18,10,4,0,84.447,1,0,0,0,0,0,0,0,0
4435,merged,4,46,1,41,434682.456,11,2,8,521383.931,1,0,0,35,0,38,31,4,0,597660.633,1,749,251,0,0,0,0,0,0
4427,closed,0,2,0,2,608.063,3,1,2,137.104,1,236673.666,0,3,0,9,5,2,0,0,1,0,0,0,0,0,0,0,0
4424,merged,0,1,0,1,0,1,0,1,-63.535,1,0,0,1,0,3,1,1,0,4.552,1,0,0,0,0,0,0,0,0
4423,merged,417,439,0,22,0,7,0,7,-269.219,1,0,0,264,0,21,1,7,0,12.644,1,16073,49,227,0,0,0,0,0
3995,merged,5,14,0,9,0,1,0,1,-596604.876,1,0,148.876,4,148.876,3,0,1,0,332.946,1,388,68,0,0,1,0,1,0
5489,merged,4,16,4,8,0,1,0,1,-96.255,1,0,0,1,0,4,4,0,0,16.534,1,460,248,0,0,0,0,0,0
5470,merged,1,12,0,11,0,1,0,1,-172.663,1,0,0,1,0,4,4,0,0,35172.834,2,271,68,0,0,0,0,0,0
5469,closed,0,0,0,0,0,1,0,1,0.325,1,442.586,0,0,0,4,4,0,0,0,1,0,0,0,0,0,0,0,0
5464,closed,33,59,0,26,0,2,0,2,-7136.109,1,462655.807,414274.236,7,414271.993,8,8,0,0,0,2,539,53,0,0,7,0,7,0
5439,merged,0,17,0,17,0,3,0,3,-164.045,1,0,0,4,0,12,12,0,0,530774.667,2,325,364,0,0,0,0,0,0
5409,closed,33,59,0,26,0,2,0,2,1786994.109,1,1794056.771,0,7,0,8,8,0,0,0,1,539,53,0,0,0,0,0,0
5400,merged,0,3,0,3,0,1,0,1,-143.425,1,0,0,1,0,4,4,0,0,318.722,2,3,3,0,0,0,0,0,0
5393,closed,1,21,2,18,0,10,0,10,1045.173,1,89706.606,0,15,0,46,13,12,0,0,1,179,23,0,0,0,0,0,0
5377,closed,31,49,0,18,0,2,0,2,-4542.6,1,78.036,0,5,0,8,2,2,0,0,1,180,23,0,0,0,0,0,0
5376,closed,31,49,0,18,0,2,0,2,-2848.187,1,41.829,0,5,0,8,2,2,0,0,1,180,23,0,0,0,0,0,0
5375,closed,0,0,0,0,0,1,0,1,0.218,1,110.236,0,3,0,4,4,0,0,0,1,0,0,0,0,0,0,0,0
5372,merged,0,4,0,4,0,3,0,3,1117503.747,1,0,0,7,0,12,12,0,0,1122320.901,2,114,78,0,0,0,0,0,0
5366,closed,31,44,0,13,0,2,0,2,-36016.236,1,585792.808,0,4,0,9,2,3,0,0,1,172,13,0,0,0,0,0,0
5341,closed,0,0,0,0,0,1,0,1,0.142,1,690022.351,0,3,0,4,4,0,0,0,1,0,0,0,0,0,0,0,0
5337,closed,31,43,0,12,0,1,0,1,-1231.21,1,3988.719,0,3,0,4,1,1,0,0,1,172,13,0,0,0,0,0,0
5321,merged,1,5,0,4,0,5,0,4,1026337.821,1,0,0,5,0,20,17,0,0,2235850.688,2,559,314,0,0,0,0,0,0
5296,closed,31,42,0,11,0,1,0,1,-862.594,1,1824356.999,0,2,0,4,4,0,0,0,1,103,11,0,0,0,0,0,0
5253,merged,0,6,0,6,0,3,0,3,1371867.338,1,0,0,3,0,12,12,0,0,1810036.596,2,68,2,0,0,0,0,0,0
5247,merged,2,18,1,15,0,11,0,11,-108.626,1,0,0,11,0,44,42,1,0,1550103.97,2,376,362,0,0,0,0,0,0
5234,closed,1,10,0,9,0,10,0,10,154481.956,1,159479.635,0,10,0,40,38,1,0,0,1,350,208,0,0,0,0,0,0
5222,merged,0,3,0,3,0,1,0,1,-115.692,1,0,0,1,0,4,4,0,0,424299.98,2,6,7,0,0,0,0,0,0
5218,merged,0,4,0,4,0,2,0,2,66938.579,1,0,67264.924,2,66429.374,8,8,0,1,68043.47,2,7,7,0,0,3,3,0,0
5216,closed,0,3,0,3,0,1,0,1,-309.962,1,6754.778,0,1,0,4,4,0,0,0,1,6,6,0,0,0,0,0,0
5190,closed,0,0,0,0,0,2,0,2,-1295363.052,1,16.64,0,1,0,24,11,13,0,0,1,0,0,0,0,0,0,0,0
5170,merged,4,21,0,17,0,5,0,5,2412460.483,1,0,0,4,0,20,20,0,0,2412508.032,2,540,11,0,0,0,0,0,0
5154,merged,0,1,0,1,0,2,0,1,-91489.197,1,0,0,3,0,8,4,0,0,2937384.797,1,4,1,0,0,0,0,0,0
5153,merged,0,1,0,1,0,1,0,0,,0,0,0,1,0,4,1,0,0,16.728,1,4,1,0,0,0,0,0,0
5145,merged,0,1,0,1,0,1,0,1,-727.225,1,0,0,1,0,4,4,0,0,14.042,1,21,28,0,0,0,0,0,0
5144,merged,0,5,0,5,0,11,0,11,-1406.0,1,0,0,12,0,78,65,9,0,12.469,1,385,154,0,0,0,0,0,0
5142,merged,0,1,0,1,0,20,0,20,7871.78,1,0,0,2,0,136,112,13,0,8887.314,1,21,28,0,0,0,0,0,0
5141,merged,0,2,0,2,0,1,0,1,-96.425,1,0,0,1,0,4,2,1,0,17.002,1,0,2,0,0,0,0,0,0
5140,merged,3,24,0,21,0,2,0,2,-34.013,1,0,0,6,0,8,6,1,0,16.082,1,474,32,0,0,0,0,0,0
5139,merged,0,1,0,1,0,1,0,1,-124.621,1,0,0,1,0,4,4,0,0,44.253,1,1,0,0,0,0,0,0,0
5078,merged,3,20,0,17,0,2,0,2,153.966,1,0,0,2,0,8,8,0,0,211.208,1,472,23,0,0,0,0,0,0
4981,merged,0,1,0,1,0,1,0,1,-16.512,1,0,0,1,0,4,4,0,0,6.334,1,0,0,0,0,0,0,0,0
4980,merged,0,1,0,1,0,1,0,1,-17.743,1,0,0,1,0,4,1,1,0,29.009,1,0,0,0,0,0,0,0,0
4979,merged,1,4,1,2,0,1,0,1,-393.847,1,0,0,1,0,4,4,0,0,40.708,1,0,0,0,0,0,0,0,0
4757,merged,0,4,0,4,0,3,0,3,-1420.678,1,0,0,3,0,9,9,0,0,98.64,1,399,46,0,0,0,0,0,0
4729,merged,0,2,0,2,0,2,0,2,75604.345,1,0,0,2,0,6,6,0,0,75815.08,1,10,44,0,0,0,0,0,0
4728,merged,0,7,2,5,0,5,0,5,804.393,1,0,0,5,0,15,15,0,0,832.296,1,146,168,0,0,0,0,0,0
4727,merged,2,7,0,5,0,1,0,1,-51.82,1,0,0,1,0,3,3,0,0,32.02,1,60,109,0,0,0,0,0,0
4726,closed,90,157,21,46,0,1,0,1,-33.235,1,33.607,0,119,0,3,3,0,0,0,1,5102,1379,0,0,0,0,0,0
4711,merged,33,36,0,3,0,4,0,4,-94.618,1,0,0,4,0,12,12,0,0,19.665,1,2204,3,0,0,0,0,0,0
4644,closed,1,15,0,14,0,7,0,7,-335.788,1,1659130.286,0,8,0,21,21,0,0,0,1,131,30,0,0,0,0,0,0
4602,merged,0,21,10,11,0,1,0,1,-89.282,1,0,0,1,0,3,3,0,0,97.899,1,220,504,0,0,0,0,0,0
4509,merged,2,9,0,7,0,7,0,7,1718734.551,1,0,1221384.889,10,1221384.889,21,21,0,0,1835562.282,1,175,24,0,0,1,0,1,0
4488,merged,2,5,0,3,0,1,0,1,-3901.017,1,0,0,1,0,3,3,0,0,430207.286,1,122,4,0,0,0,0,0,0
4480,merged,3,7,0,4,0,3,1,2,636.428,1,0,0,7,0,9,9,0,0,721.564,1,1,7,0,0,0,0,0,0
4479,merged,0,12,0,12,0,1,0,1,1831468.624,1,0,1834206.113,6,1834206.113,3,3,0,0,1834223.166,1,984,1022,0,0,1,1,0,0
4029,closed,1,79,1,77,0,1,0,1,-689484.242,1,4357.815,0,3,0,3,0,1,0,0,1,0,0,0,104,0,0,0,0
5111,merged,1,16,2,13,0,1,1,0,3714.38,0,0,0,1,0,1,1,0,0,4019.41,1,265,213,3,1,0,0,0,0
4967,merged,0,2,0,2,0,1,1,0,1676.158,0,0,0,2,0,1,1,0,0,1847.631,1,2,2,0,0,0,0,0,0
4746,merged,1,3,0,2,0,1,1,0,604161.834,0,0,0,3,0,3,3,0,0,688796.714,2,105,73,0,0,0,0,0,0
4731,merged,0,7,0,7,0,2,2,0,514171.006,0,0,0,2,0,6,6,0,0,514914.331,2,67,102,0,0,0,0,0,0
4720,merged,3,17,0,14,1040974.0260000001,9,2,7,1209027.677,1,0,0,9,0,27,24,1,0,1211711.265,2,245,177,4,1,0,0,0,0
4718,closed,0,4,0,4,513896.021,5,4,1,8113.438,1,1219204.698,0,6,0,15,15,0,0,0,3,39,0,0,0,0,0,0,0
4713,merged,0,4,0,4,1600.016,2,1,1,521011.926,1,0,0,2,0,6,6,0,0,521760.481,2,56,64,0,0,0,0,0,0
4712,merged,1,18,0,17,11020.797999999999,7,2,5,604074.742,1,0,0,9,0,21,15,2,0,1719270.307,2,325,151,4,4,0,0,0,0
4704,merged,0,4,0,4,0,1,1,0,13218.674,0,0,0,2,0,3,3,0,0,90467.96,2,31,9,0,0,0,0,0,0
4698,merged,1,13,0,12,396.533,4,3,1,10670.762,1,0,0,5,0,12,12,0,0,12400.832,2,311,267,5,5,0,0,0,0
4695,merged,1,10,0,9,513896.021,3,2,1,527791.172,1,0,0,3,0,9,9,0,0,529826.27,3,189,116,0,0,0,0,0,0
4694,merged,3,14,0,11,0,2,2,0,4703.921,0,0,0,2,0,6,6,0,0,5578.657,2,500,73,0,0,0,0,0,0
4687,merged,0,3,0,3,0,3,3,0,4339.674,0,0,0,3,0,9,9,0,0,509209.066,2,27,5,0,0,0,0,0,0
4685,merged,0,7,0,7,0,2,2,0,511909.715,0,0,0,7,0,6,6,0,0,512202.329,2,628,234,0,0,0,0,0,0
4684,merged,0,13,1,12,2464.051,4,2,2,694850.677,1,0,0,5,0,12,12,0,0,695054.735,2,110,117,0,0,0,0,0,0
4683,merged,0,3,0,3,0,1,1,0,2366.923,0,0,0,1,0,3,3,0,0,4201.512,2,46,17,0,0,0,0,0,0
4679,merged,0,5,0,5,0,1,1,0,525798.845,0,0,0,2,0,3,3,0,0,526195.026,2,71,49,0,0,0,0,0,0
4674,merged,0,7,0,7,504707.079,3,1,2,597567.025,1,0,0,2,0,9,9,0,0,597974.656,2,92,99,0,0,0,0,0,0
4671,merged,0,1,0,1,0,1,1,0,4279.488,0,0,0,1,0,3,3,0,0,5238.741,2,4,5,0,0,0,0,0,0
4666,merged,0,12,0,12,0,1,1,0,90336.603,0,0,0,1,0,3,3,0,0,90710.357,2,19,19,0,0,0,0,0,0
4665,merged,3,41,0,38,0,19,19,0,63912.519,0,0,0,9,0,57,57,0,0,29.133,1,1186,649,69,38,0,0,0,0
4653,merged,0,4,0,4,0,4,4,0,597307.761,0,0,0,3,0,12,12,0,0,597636.183,2,14,7,0,0,0,0,0,0
4643,merged,3,17,1,13,5209.332,20,15,5,1724601.945,1,0,0,23,0,60,60,0,0,1724803.223,2,494,117,0,0,0,0,0,0
4637,merged,0,14,0,14,501155.619,5,2,3,696366.999,1,0,0,6,0,15,9,2,0,697057.435,2,125,36,40,15,0,0,0,0
4632,merged,0,4,0,4,0,2,2,0,776872.849,0,0,0,2,0,6,6,0,0,777087.999,3,26,2,0,0,0,0,0,0
4621,merged,0,1,0,1,511151.989,20,10,10,95422.089,1,0,0,485,0,111,81,0,0,371.005,1,0,0,0,0,0,0,0,0
4620,merged,145,369,4,220,517147.963,20,7,13,-1402.064,1,0,0,482,0,120,84,0,0,42.062,1,25162,6232,5032,1069,0,0,0,0
4611,merged,0,5,0,5,268230.64,7,5,2,-10.665,1,0,0,7,0,21,21,0,0,165.761,1,7,6,0,0,0,0,0,0
4605,merged,0,19,0,19,88687.096,5,2,3,1215186.255,1,0,0,5,0,15,12,1,0,1217408.333,2,294,116,8,3,0,0,0,0
4603,merged,0,4,0,4,633.851,2,1,1,2603.151,1,0,0,2,0,8,3,3,0,3764.142,2,10,9,2,2,0,0,0,0
4598,merged,0,81,1,80,489727.52,6,1,5,510675.237,1,0,0,6,0,18,12,2,0,511172.433,1,594,1030,8,8,0,0,0,0
4595,merged,0,1,0,1,507.913,3,2,1,77023.617,1,0,0,3,0,9,9,0,0,77571.597,2,14,11,0,0,0,0,0,0
4593,merged,0,1,0,1,237.939,4,3,1,307.704,1,0,0,5,0,12,12,0,0,515.341,2,1,1,0,0,0,0,0,0
4590,merged,0,3,0,3,237.939,3,2,1,80901.569,1,0,0,3,0,9,9,0,0,81832.371,2,20,0,0,0,0,0,0,0
4589,merged,0,2,0,2,242.983,2,1,1,11649.923,1,0,0,3,0,6,6,0,0,12070.615,2,98,92,0,0,0,0,0,0
4588,merged,0,72,1,71,3338.62,12,8,4,506129.057,1,0,0,14,0,36,36,0,0,506387.086,1,364,461,0,0,0,0,0,0
4587,merged,3,40,0,37,0,5,5,0,-53.834,0,0,0,31,0,15,15,0,0,324.889,1,679,398,0,0,0,0,0,0
4586,merged,3,19,0,16,609995.398,15,7,8,2244002.975,1,0,0,27,0,45,45,0,0,2244511.738,2,748,502,22,21,0,0,0,0
4571,merged,0,6,0,6,0,3,3,0,25155.642,0,0,0,3,0,9,9,0,0,27009.5,3,52,0,0,0,0,0,0,0
4569,merged,0,3,0,3,0,1,1,0,-31.257,0,0,0,1,0,3,3,0,0,203.209,1,4,6,0,0,0,0,0,0
4566,merged,0,7,0,7,409.881,2,1,1,6741.005,1,0,0,2,0,6,6,0,0,6907.889,1,61,1,0,0,0,0,0,0
4563,merged,0,5,0,5,0,1,1,0,3554.844,0,0,0,1,0,3,3,0,0,3721.51,1,19,14,0,0,0,0,0,0
4562,merged,0,5,0,5,0,1,1,0,3571.867,0,0,0,1,0,3,3,0,0,4084.283,1,28,3,0,0,0,0,0,0
4559,merged,0,2,0,2,0,1,1,0,1351.407,0,0,0,1,0,3,3,0,0,3130.086,1,2,2,0,0,0,0,0,0
4552,merged,0,4,0,4,0,2,2,0,12999.812,0,0,13133.171,2,13133.171,6,6,0,0,13200.25,2,83,1,77,0,1,1,0,0
4533,merged,0,1,0,1,1496.876,6,2,4,3068.737,1,0,0,5,0,12,8,2,0,3848.243,1,0,0,0,0,0,0,0,0
4529,merged,0,11,0,11,83234.507,8,4,4,169903.782,1,0,0,9,0,26,18,4,0,170128.024,2,70,24,10,0,0,0,0,0
4528,merged,0,0,0,0,584410.983,12,8,4,781567.216,1,0,0,25,0,36,36,0,0,781771.55,2,0,0,0,0,0,0,0,0
4527,merged,0,3,0,3,0,5,5,0,163777.901,0,0,0,7,0,15,15,0,0,164066.138,2,17,12,0,0,0,0,0,0
4524,merged,0,3,0,3,0,1,1,0,5993.66,0,0,0,3,0,4,3,1,0,7594.754,2,16,4,0,0,0,0,0,0
4523,merged,0,2,0,2,0,1,0,1,4303.625,1,0,0,1,0,3,0,1,0,5753.475,2,4,3,0,0,0,0,0,0
4519,merged,0,8,0,8,342.951,2,1,1,2708.571,1,0,0,2,0,6,3,1,0,82158.102,3,71,38,0,0,0,0,0,0
4515,merged,0,3,0,3,234.481,10,9,1,4269.165,1,0,0,12,0,30,30,0,0,6300.48,2,13,7,0,0,0,0,0,0
4506,merged,0,2,0,2,234.481,6,5,1,82986.054,1,0,0,9,0,18,18,0,0,83213.654,2,24,6,0,0,0,0,0,0
4492,merged,0,5,0,5,0,1,1,0,5685.32,0,0,0,1,0,3,3,0,0,516764.115,2,27,26,0,0,0,0,0,0
4486,closed,1,8,0,7,0,1,1,0,431.757,0,871.774,0,120,0,3,3,0,0,0,2,146,37,0,0,0,0,0,0
4476,merged,0,7,0,7,0,4,4,0,170113.044,0,0,0,6,0,12,12,0,0,170420.825,2,73,8,0,0,0,0,0,0
4465,merged,1,8,0,7,0,5,5,0,600655.058,0,0,0,120,0,15,15,0,0,603993.172,2,146,37,0,0,0,0,0,0
4462,merged,0,9,0,9,95041.548,7,1,6,2844.198,1,0,0,9,0,21,21,0,0,4744.168,2,160,160,11,6,0,0,0,0
4461,merged,1,20,0,19,1181778.806,8,1,7,1206925.334,1,0,0,11,0,24,24,0,0,1209712.113,2,293,141,0,0,0,0,0,0
4460,merged,0,9,0,9,422542.442,5,3,2,518574.319,1,0,54.324,7,54.324,15,15,0,0,518859.683,2,148,106,0,0,1,1,0,0
4451,merged,2,15,0,13,845230.948,17,8,9,1980763.563,1,0,1905640.785,18,1905640.785,52,48,2,0,1981105.781,3,164,28,4,7,1,0,1,1
4450,merged,0,8,0,8,91023.874,5,3,2,601112.15,1,0,0,113,0,15,15,0,0,601899.851,2,51,50,0,0,0,0,0,0
4449,merged,0,2,0,2,1338.001,3,2,1,90380.435,1,0,0,3,0,11,6,3,0,90943.838,2,3,3,2,2,0,0,0,0
4444,merged,0,1,0,1,0,1,1,0,422781.989,0,0,0,107,0,3,3,0,0,1025111.622,2,1,1,0,0,0,0,0,0
4442,merged,0,3,0,3,0,1,1,0,2412.226,0,0,0,105,0,3,3,0,0,78427.739,2,7,4,0,0,0,0,0,0
4440,merged,0,1,0,1,542.959,2,1,1,1733.754,1,0,0,103,0,6,6,0,0,2089.492,2,13,5,0,0,0,0,0,0
4402,merged,4,30,0,26,3440477.549,14,2,12,3519173.939,1,0,0,100,0,42,18,8,0,3521701.296,3,1129,291,680,3,0,0,0,0
4390,merged,18,50,0,32,6043144.569,20,1,19,10287078.804,1,0,0,38,0,60,54,2,0,10287448.858,2,1017,379,0,0,0,0,0,0
4387,merged,0,10,0,10,310.331,2,1,1,8797.222,1,0,0,3,0,6,6,0,0,8990.207,1,53,100,31,1,0,0,0,0
4386,merged,0,1,0,1,0,1,0,1,1241.433,1,0,0,1,0,3,0,1,0,1367.109,1,11,24,0,0,0,0,0,0
4385,merged,0,3,0,3,0,1,0,1,-65.522,1,0,0,1,0,3,0,1,0,51.943,1,63,21,0,0,0,0,0,0
4369,merged,2,11,0,9,89599.57400000001,20,15,5,5358053.647,1,0,1919405.315,32,1919405.315,60,60,0,0,5359472.641,2,465,569,0,0,1,1,0,0
4362,merged,1,43,0,42,190692.271,14,7,7,1404737.525,1,0,0,83,0,42,42,0,0,1405580.53,2,780,196,0,0,0,0,0,0
4353,merged,0,18,0,18,0,2,2,0,94630.474,0,0,0,2,0,6,6,0,0,603514.202,2,166,86,0,0,0,0,0,0
4346,merged,0,2,0,2,0,1,1,0,433923.741,0,0,0,1,0,3,3,0,0,521161.507,2,46,7,0,0,0,0,0,0
4345,merged,1,5,0,4,951102.683,11,6,5,-78597.924,1,0,0,12,0,33,30,1,0,143.126,1,255,112,0,0,0,0,0,0
4332,merged,1,4,0,3,0,4,4,0,171813.696,0,0,0,5,0,12,12,0,0,172033.55,2,86,17,0,0,0,0,0,0
4331,merged,2,8,0,6,1311.8139999999999,6,2,4,780005.296,1,0,0,14,0,18,18,0,0,780233.246,2,251,30,0,0,0,0,0,0
4323,merged,1,7,0,6,421088.835,9,6,3,511462.214,1,0,0,10,0,27,27,0,0,511681.233,2,112,92,0,0,0,0,0,0
4321,merged,1,4,0,3,123.14,4,3,1,4412.927,1,0,0,4,0,12,12,0,0,4586.515,2,111,12,0,0,0,0,0,0
4318,merged,1,6,0,5,0,2,2,0,98662.989,0,0,0,8,0,6,6,0,0,519679.759,2,371,329,0,0,0,0,0,0
4313,merged,5,25,0,20,683664.8840000002,15,6,9,1285580.77,1,0,1284343.425,64,1284169.993,45,45,0,0,1285929.146,2,498,446,0,0,2,0,2,2
4303,merged,0,1,0,1,4068.908,9,2,7,314.093,1,0,0,15,0,27,9,6,0,371.375,2,4,4,0,0,0,0,0,0
4300,merged,0,1,0,1,0,1,0,1,-101.667,1,0,0,1,0,3,0,1,0,86.242,1,7,4,0,0,0,0,0,0
4295,merged,0,2,0,2,0,1,1,0,-299.803,0,0,0,1,0,3,3,0,0,52.698,1,8,4,0,0,0,0,0,0
4261,merged,1,5,0,4,1202740.357,7,1,6,1208921.76,1,0,0,6,0,21,15,2,0,1209128.446,2,124,14,0,0,0,0,0,0
4255,merged,0,23,0,23,0,9,0,9,2983.896,1,0,0,9,0,27,18,3,0,3365.636,1,534,270,279,55,0,0,0,0
4253,merged,1,6,1,4,4068.908,7,2,5,782730.192,1,0,0,13,0,21,9,4,0,783074.745,2,128,49,0,0,0,0,0,0
4252,merged,0,8,0,8,73700.231,3,2,1,87053.477,1,0,0,3,0,9,6,1,0,87525.707,2,177,51,80,5,0,0,0,0
4234,merged,4,15,0,11,0,10,0,10,4837613.993,1,0,0,11,0,30,24,2,0,4837688.569,2,289,111,0,0,0,0,0,0
4229,merged,0,1,0,1,0,1,1,0,5834.281,0,0,0,1,0,3,3,0,0,602539.559,2,13,14,0,0,0,0,0,0
4221,merged,1,4,0,3,1124802.414,4,2,2,2849847.758,1,0,0,43,0,12,9,1,0,2851181.911,3,108,77,0,0,0,0,0,0
4216,merged,1,2,0,1,77385.786,6,1,5,79036.326,1,0,0,7,0,18,18,0,0,79783.551,2,33,0,0,0,0,0,0,0
4190,merged,2,3,0,1,0,1,1,0,780871.41,0,0,0,1,0,3,3,0,0,1211105.01,2,66,0,0,0,0,0,0,0
4189,merged,3,103,1,99,1125005.432,9,1,8,2423683.101,1,0,0,10,0,27,15,4,0,2423838.008,3,684,958,0,0,0,0,0,0
4184,merged,0,8,0,8,0,2,0,2,434009.575,1,0,0,3,0,6,3,1,0,519163.435,2,30,28,0,0,0,0,0,0
4183,merged,2,12,0,10,0,5,0,5,-64.214,1,0,0,5,0,11,0,5,0,96.901,2,111,69,0,0,0,0,0,0
4182,merged,1,7,0,6,0,3,0,3,-412.629,1,0,0,3,0,8,0,3,0,983.767,2,41,53,0,0,0,0,0,0
4181,merged,0,4,0,4,0,1,0,1,8994.786,1,0,0,2,0,3,0,1,0,10113.367,2,8,7,0,0,0,0,0,0
4177,merged,2,59,0,57,1641138.102,11,2,9,1740203.374,1,0,0,12,0,33,33,0,0,1740368.973,3,3335,2186,48,50,0,0,0,0
4174,merged,0,9,0,9,681166.25,7,1,6,1373919.465,1,0,0,26,0,21,18,1,0,1374260.68,2,220,56,0,0,0,0,0,0
4172,closed,6,7,0,1,0,1,1,0,165295.249,0,1374037.98,0,1,0,3,3,0,0,0,1,1,5,0,0,0,0,0,0
4171,closed,1,7,0,6,0,3,0,3,86297.562,1,86691.087,0,3,0,8,0,3,0,0,1,41,53,0,0,0,0,0,0
4170,merged,7,17,0,10,0,5,0,5,-25.739,1,0,0,6,0,10,0,5,0,83673.987,2,966,503,0,0,0,0,0,0
4168,merged,0,37,0,37,0,14,0,12,1042700.034,1,0,0,16,0,34,6,10,0,1043568.92,2,2414,2687,1890,2185,0,0,0,0
4165,merged,0,4,0,4,0,2,0,2,434407.807,1,0,0,2,0,4,0,2,0,509342.192,2,27,24,0,0,0,0,0,0
4162,closed,2,12,0,10,0,5,0,5,520939.106,1,520985.96,0,5,0,11,0,5,0,0,1,111,69,0,0,0,0,0,0
4148,merged,0,4,0,4,0,3,0,3,1125097.993,1,0,0,3,0,7,0,3,0,1125282.912,2,42,30,0,0,0,0,0,0
4143,merged,0,7,0,7,612613.794,6,1,5,1901611.273,1,0,0,10,0,19,9,4,0,1901914.868,3,46,45,0,0,0,0,0,0
4142,closed,2,12,0,10,0,1,0,1,398.093,1,1436.109,0,16,0,2,0,1,0,0,1,230,65,0,0,0,0,0,0
4141,merged,9,13,0,4,0,4,0,4,182892.583,1,0,0,4,0,8,0,4,0,183429.264,2,3409,18,0,0,0,0,0,0
4137,merged,10,29,0,19,3541082.61,20,1,19,3540653.857,1,0,424173.636,49,424173.636,52,18,14,0,3541391.338,2,1414,887,418,412,1,1,0,0
4114,merged,1,8,0,7,0,7,0,7,1802249.035,1,0,0,7,0,14,0,7,0,1897887.098,2,175,73,0,0,0,0,0,0
4113,merged,2,10,0,8,0,3,0,3,516925.732,1,0,0,3,0,6,0,3,0,680547.702,2,170,618,0,0,0,0,0,0
4112,merged,0,4,0,4,0,2,0,2,-1164.984,1,0,0,4,0,4,0,2,0,14.688,1,321,559,0,0,0,0,0,0
4111,merged,4,21,2,15,0,7,0,7,2940805.216,1,0,2342032.293,9,2340093.703,15,0,7,0,2941014.515,2,305,410,2,0,6,0,6,6
4110,merged,61,109,0,48,0,16,0,16,-13155.304,1,0,0,23,0,32,0,16,0,6650.521,2,13412,1659,3828,671,0,0,0,0
4109,merged,0,6,0,6,0,2,0,2,-233.318,1,0,0,3,0,4,0,2,0,6.91,1,457,493,0,0,0,0,0,0
4108,merged,1,12,0,11,0,3,0,3,-173.995,1,0,0,3,0,6,0,3,0,222.914,1,1037,669,0,0,0,0,0,0
3951,merged,9,88,9,70,0,3,0,1,601233.755,1,0,0,70,0,9,0,1,0,1292547.843,4,4022,1832,35,9,0,0,0,0
5388,merged,0,1,0,1,0,1,0,0,,0,0,0,1,0,3,0,0,0,12.065,1,28,59,28,59,0,0,0,0
5387,merged,0,1,0,1,0,1,0,1,-34.209,1,0,0,1,0,3,1,1,0,5.511,1,0,20,0,20,0,0,0,0
5386,merged,0,3,0,3,0,2,0,2,-37.594,1,0,0,2,0,6,2,2,0,6.462,1,91,64,91,64,0,0,0,0
5385,merged,1,1,0,0,0,1,0,0,,0,0,0,1,0,3,1,0,0,5.879,1,3,0,3,0,0,0,0,0
5384,merged,0,5,0,5,0,1,0,1,-159.835,1,0,0,1,0,3,1,1,0,45.23,1,111,0,111,0,0,0,0,0
5383,merged,0,1,0,1,0,1,0,1,-48.089,1,0,0,1,0,3,1,1,0,10.265,1,1,1,1,1,0,0,0,0
5382,merged,0,1,0,1,0,1,0,1,-7.141,1,0,0,1,0,3,1,1,0,8.415,1,1,5,1,5,0,0,0,0
5381,merged,0,1,0,1,0,1,0,1,-219.415,1,0,0,1,0,3,1,1,0,137.613,1,9,1,9,1,0,0,0,0
5209,merged,1,6,0,5,0,1,0,1,-55.518,1,0,0,1,0,3,1,1,0,132.952,1,119,0,119,0,0,0,0,0
4788,merged,0,1,0,1,0,1,1,0,-8.031,0,0,0,1,0,3,3,0,0,7.746,1,2,2,2,2,0,0,0,0
4787,merged,0,1,0,1,0,1,1,0,-8.771,0,0,0,1,0,3,3,0,0,14.661,1,1,1,1,1,0,0,0,0
4786,merged,0,1,0,1,0,1,0,1,-18.97,1,0,0,1,0,3,3,0,0,6.625,1,1,1,1,1,0,0,0,0
4785,merged,0,1,0,1,0,1,0,1,-7.938,1,0,0,1,0,3,3,0,0,5.384,1,6,1,6,1,0,0,0,0
4783,merged,0,1,0,1,0,1,0,1,-7.773,1,0,0,1,0,3,0,1,0,9.341,1,2,2,2,2,0,0,0,0
4782,merged,0,3,0,3,0,1,0,1,-24.455,1,0,0,1,0,3,1,1,0,14.904,1,16,12,16,12,0,0,0,0
4781,merged,0,1,0,1,0,1,0,1,-10.943,1,0,0,1,0,3,0,1,0,8.588,1,3,7,3,7,0,0,0,0
4780,merged,0,2,0,2,0,2,0,2,129.12,1,0,0,2,0,6,2,2,0,152.232,1,6,6,6,6,0,0,0,0
4778,closed,0,11,2,9,0,2,0,2,114.201,1,31561766.754,0,2,0,6,6,0,0,0,1,12,795,12,795,0,0,0,0
4777,merged,1,9,0,8,0,1,0,1,-6427.984,1,0,0,1,0,3,3,0,0,10.739,1,453,36,453,36,0,0,0,0
4775,merged,0,8,0,8,0,1,0,1,-6407.238,1,0,0,1,0,3,3,0,0,110.688,1,75,10,75,10,0,0,0,0
4765,merged,3,10,0,7,0,1,0,1,-69.167,1,0,0,2,0,3,3,0,0,6.046,1,298,38,298,38,0,0,0,0
4748,merged,0,1,0,1,0,1,0,1,-48.842,1,0,0,1,0,3,3,0,0,11.437,1,0,2,0,2,0,0,0,0
4725,merged,6,8,0,2,0,3,0,3,583621.93,1,0,0,3,0,9,3,2,0,583632.64,1,369,8,370,14,0,0,0,0
4724,merged,2,13,0,11,0,2,0,2,755551.404,1,0,0,6,0,6,2,2,0,755947.866,2,230,22,230,22,0,0,0,0
4680,merged,0,7,0,7,0,1,0,1,5830.874,1,0,0,2,0,3,3,0,0,6173.595,1,44,17,44,17,0,0,0,0
4664,merged,0,22,18,4,0,2,2,0,-28.826,0,0,0,2,0,6,6,0,0,313.931,1,282,464,283,487,0,0,0,0
4663,merged,0,4,0,4,0,1,0,0,,0,0,0,1,0,3,1,0,0,89.034,1,151,44,151,44,0,0,0,0
4658,merged,0,6,0,6,0,2,0,2,524.693,1,0,0,2,0,6,6,0,0,1228.501,1,203,161,203,161,0,0,0,0
4655,merged,0,5,0,5,0,1,1,0,72465.178,0,0,0,1,0,2,1,0,0,72480.802,1,40,28,40,28,0,0,0,0
4654,merged,1,7,0,6,43.577,3,2,1,-11.53,1,0,0,5,0,6,2,1,0,125.561,1,384,52,384,52,0,0,0,0
4652,merged,0,9,0,9,0,1,0,1,21359.067,1,0,0,1,0,2,0,1,0,21377.552,1,73,31,73,31,0,0,0,0
4651,merged,1,7,0,6,0,1,1,0,12334.311,0,0,0,3,0,2,1,0,0,12495.644,1,26,5,26,5,0,0,0,0
4649,merged,0,2,0,2,0,1,1,0,-64.099,0,0,0,1,0,2,1,0,0,10.801,1,150,145,150,145,0,0,0,0
4647,merged,0,4,0,4,0,1,1,0,-32.217,0,0,0,1,0,2,1,0,0,86.521,1,314,337,314,337,0,0,0,0
4641,merged,1,16,2,13,0,2,2,0,183906.37,0,0,0,2,0,4,2,0,0,184968.685,1,276,425,276,425,0,0,0,0
4639,merged,0,1,0,1,0,1,1,0,4418.511,0,0,0,1,0,2,1,0,0,4538.552,1,1,1,1,1,0,0,0,0
4634,merged,2,59,6,51,0,1,1,0,86051.412,0,0,0,1,0,2,1,0,0,86197.335,1,171,1168,437,1432,0,0,0,0
4633,merged,0,2,0,2,0,1,1,0,2537.906,0,0,0,1,0,2,1,0,0,2693.275,1,3,3,3,3,0,0,0,0
4631,merged,7,29,9,13,0,4,4,0,251016.428,0,0,0,5,0,8,4,0,0,252084.295,1,328,266,333,552,0,0,0,0
4630,merged,0,68,44,24,0,4,4,0,886012.486,0,0,0,5,0,8,4,0,0,886247.319,1,419,4452,419,4452,0,0,0,0
4629,merged,0,2,0,2,0,1,1,0,-12.074,0,0,0,1,0,2,1,0,0,8.338,1,2,1,2,1,0,0,0,0
4627,merged,4,44,0,40,3450392.542,10,5,5,-511735.95,1,0,0,10,0,25,15,0,0,10.295,1,1718,638,1718,638,0,0,0,0
4443,merged,6,13,0,7,0,1,0,1,-13.679,1,0,0,4,0,3,2,0,0,221.406,1,101,68,153,68,0,0,0,0
4421,merged,2,7,0,5,0,1,0,1,-17.604,1,0,0,3,0,3,2,0,0,78.549,1,454,249,454,249,0,0,0,0
4417,merged,5,13,1,7,0,4,0,4,850203.809,1,0,0,6,0,12,8,0,0,850498.971,1,952,798,952,798,0,0,0,0
4416,merged,4,16,0,12,0,2,0,2,3553.283,1,0,0,2,0,6,4,0,0,259722.321,1,139,74,373,74,0,0,0,0
4415,merged,0,16,0,16,0,1,0,1,-10233.59,1,0,0,1,0,3,2,0,0,38.112,1,153,166,153,166,0,0,0,0
4384,merged,0,14,2,12,0,1,0,1,-3725.904,1,0,0,1,0,3,0,1,0,9.335,1,152,94,152,94,0,0,0,0
1764,closed,46,203,89,68,0,20,0,20,59882329.114,1,59882360.509,0,215,0,89,65,2,0,0,4,6286,12134,6585,12403,0,0,0,0
4806,merged,0,1,0,1,0,1,0,1,-96.472,1,0,0,1,0,2,2,0,0,23.911,1,1,1,0,0,0,0,0,0
4805,merged,0,1,0,1,0,1,0,1,-7.121,1,0,0,1,0,2,2,0,0,11.418,1,0,0,0,0,0,0,0,0
4804,merged,0,3,0,3,0,1,0,1,-26.702,1,0,0,1,0,2,0,1,0,14.576,1,3,3,3,3,0,0,0,0
4803,merged,0,4,0,4,0,1,0,1,-27.368,1,0,0,1,0,2,0,1,0,844.233,1,5,4,0,0,0,0,0,0
4802,merged,0,14,1,13,0,4,0,4,-202.771,1,0,0,5,0,8,4,2,0,13045.169,2,434,237,0,0,0,0,0,0
4799,merged,0,8,0,8,0,5,0,5,8455393.636,1,0,0,6,0,10,10,0,0,8543088.729,2,347,433,0,0,0,0,0,0
4723,merged,0,1,0,1,0,2,0,2,-77.218,1,0,0,2,0,4,4,0,0,1494.535,2,1,1,0,0,0,0,0,0
4710,merged,1,7,0,6,0,4,0,4,76829.036,1,0,0,5,0,8,8,0,0,507921.559,2,0,0,0,0,0,0,0,0
4701,merged,0,13,0,13,0,3,0,3,88059.589,1,0,70803.531,4,70727.436,6,6,0,0,88351.484,2,157,142,0,0,3,0,3,0
4691,merged,1,10,0,9,0,1,0,1,-2037.208,1,0,0,1,0,2,2,0,0,73009.286,2,238,209,5,5,0,0,0,0
4677,merged,21,92,40,31,0,20,0,20,73883.651,1,0,0,51,0,40,32,4,0,74301.742,2,1795,3730,294,399,0,0,0,0
4513,merged,0,23,0,23,0,13,0,13,-1660.457,1,0,0,14,0,31,16,10,0,518336.759,2,332,427,88,50,0,0,0,0
4512,closed,0,23,0,23,0,10,0,10,-113.344,1,212.4,0,11,0,25,14,8,0,0,1,337,387,77,8,0,0,0,0
4422,merged,0,6,0,6,0,1,0,1,-495.279,1,0,0,5,0,2,2,0,0,264198.37,2,316,275,0,0,0,0,0,0
4420,merged,2,34,0,32,0,2,0,2,783813.516,1,0,0,20,0,6,4,2,0,3831.162,2,1025,1018,18,18,0,0,0,0
4419,closed,3,28,0,25,0,7,0,7,-36.591,1,498791.585,0,8,0,16,4,7,0,0,1,1002,1000,1,1,0,0,0,0
4383,merged,4,23,0,19,296.217,7,1,6,-199.651,1,0,0,7,0,14,4,5,0,147936.67,2,923,568,26,0,0,0,0,0
4330,merged,3,10,0,7,0,3,3,0,-63.639,0,0,0,7,0,6,6,0,0,426650.771,2,422,128,0,0,0,0,0,0
4285,merged,0,7,0,7,519332.129,7,4,3,1146.607,1,0,0,9,0,15,12,2,0,604984.092,2,278,275,0,0,0,0,0,0
4224,merged,0,4,0,4,0,1,1,0,-194.852,0,0,0,1,0,2,2,0,0,427887.346,2,82,16,0,0,0,0,0,0
4219,merged,0,5,0,5,0,3,3,0,4259.743,0,0,0,4,0,6,6,0,0,79629.501,2,119,15,0,0,0,0,0,0
4213,merged,0,10,0,10,0,3,3,0,41.914,0,0,0,6,0,6,6,0,0,2026.284,2,116,50,0,0,0,0,0,0
4201,closed,0,10,0,10,0,1,1,0,372.76,0,433077.295,0,4,0,2,2,0,0,0,2,145,38,0,0,0,0,0,0
4167,merged,5,7,0,2,0,2,2,0,904.304,0,0,0,9,0,4,4,0,0,1171.45,2,0,0,0,0,0,0,0,0
4166,closed,5,7,0,2,9842.366,6,5,1,1423.387,1,1675.218,0,8,0,12,12,0,0,0,1,0,0,0,0,0,0,0,0
4100,merged,7,9,2,0,0,4,4,0,-21.911,0,0,0,4,0,8,8,0,0,89.369,2,0,0,0,0,0,0,0,0
4099,merged,0,11,0,11,1376582.764,20,1,19,-179.634,1,0,0,34,0,40,2,19,0,7.101,2,683,421,0,0,0,0,0,0
4098,merged,0,1,0,1,0,2,2,0,-125.743,0,0,0,2,0,4,4,0,0,35.23,2,7,0,0,0,0,0,0,0
4097,merged,2,8,0,6,8633.544,10,1,9,-159145.99,1,0,0,17,0,22,16,4,0,31.948,3,97,73,2,2,0,0,0,0
4091,merged,0,3,1,2,0,1,0,1,-82.163,1,0,0,1,0,2,0,1,0,73951.331,2,0,0,0,0,0,0,0,0
4090,merged,0,2,0,2,0,1,0,1,-32.479,1,0,0,1,0,2,2,0,0,77486.815,2,117,0,117,0,0,0,0,0
4089,merged,0,3,0,3,0,2,0,2,-53.849,1,0,0,3,0,4,4,0,0,14.278,2,114,10,114,10,0,0,0,0
4088,merged,2,10,0,8,0,2,0,2,-215.285,1,0,0,7,0,4,0,2,0,215.322,2,129,56,0,0,0,0,0,0
4086,merged,0,1,0,1,0,2,0,2,-230.759,1,0,0,2,0,4,4,0,0,3957.291,2,15,15,15,15,0,0,0,0
4084,merged,0,5,0,5,0,2,0,2,79.47,1,0,0,2,0,4,0,2,0,138.93,2,41,43,0,0,0,0,0,0
4081,merged,1,7,0,6,0,3,0,3,-56.313,1,0,0,3,0,6,0,3,0,121.455,2,100,40,0,0,0,0,0,0
4078,merged,0,8,0,8,0,2,0,2,-58.181,1,0,0,2,0,4,0,2,0,1029.69,2,156,165,0,0,0,0,0,0
4074,merged,0,6,0,6,0,1,0,1,-46.682,1,0,0,1,0,2,0,1,0,950.785,3,30,36,0,0,0,0,0,0
4073,merged,0,15,0,15,0,4,0,4,-47.406,1,0,0,4,0,8,0,4,0,221.206,2,144,774,0,0,0,0,0,0
4070,merged,3,11,5,3,0,11,0,11,103.705,1,0,0,12,0,22,0,11,0,216.986,2,7,8,0,0,0,0,0,0
4069,merged,0,17,0,17,0,20,0,20,91059.035,1,0,90505.266,21,90470.259,41,30,6,0,91075.216,3,524,476,23,19,3,0,3,0
4068,merged,1,7,0,6,0,6,0,6,-3147.615,1,0,0,13,0,12,0,6,0,77200.488,3,430,170,0,0,0,0,0,0
4046,merged,1,5,0,4,0,6,0,6,-8529.724,1,0,0,22,0,12,10,1,0,512863.773,2,137,19,0,0,0,0,0,0
4045,merged,0,6,0,6,0,6,0,6,516479.05,1,0,0,8,0,13,0,7,0,517237.773,3,176,246,0,0,0,0,0,0
4044,merged,0,1,0,1,0,4,0,4,-4950.099,1,0,0,4,0,8,4,2,0,355.218,2,117,25,0,0,0,0,0,0
4040,merged,0,2,0,2,0,2,0,2,-9338.213,1,0,0,2,0,4,4,0,0,83854.563,2,24,4,0,0,0,0,0,0
4039,closed,0,2,0,2,0,2,0,2,-9311.1,1,8.721,0,2,0,4,4,0,0,0,1,24,4,0,0,0,0,0,0
4034,merged,0,7,0,7,0,2,0,2,1453.566,1,0,0,2,0,4,2,1,0,1646.429,2,68,14,4,3,0,0,0,0
4004,merged,0,1,0,1,0,1,0,1,-26.555,1,0,0,1,0,2,2,0,0,140.971,2,32,32,0,0,0,0,0,0
4001,merged,4,8,1,3,0,6,0,6,75290.955,1,0,0,36,0,15,8,1,0,346.413,2,630,16,3119,16,0,0,0,0
3998,closed,15,32,1,16,0,4,0,4,7631.793,1,10227.902,0,35,0,7,4,1,0,0,2,1526,405,3119,16,0,0,0,0
3965,merged,39,61,6,16,0,3,0,0,,0,0,0,275,0,9,0,0,0,76502.364,2,3278,522,0,0,0,0,0,0
3963,merged,0,4,2,2,0,3,0,1,-3698.186,1,0,0,5,0,9,0,1,0,2968.584,2,31,18,0,0,0,0,0,0
3962,merged,0,5,0,5,0,1,0,1,-23.434,1,0,0,1,0,3,0,1,0,3133.922,2,26,58,0,0,0,0,0,0
3959,merged,0,5,0,5,0,1,0,1,428903.042,1,0,428318.973,9,428318.973,3,0,1,0,431995.788,2,58,26,0,0,1,0,1,1
